2100	1994	1.177784799525076
2100	758	1.1764254385303365
2100	1963	1.1669976779129891
2100	4108	1.1531355089963888
2100	635	1.1508092641161982
2100	2894	1.1473566274621438
2100	4123	1.1458331903022958
2100	8945	1.1428116213490098
2100	2671	1.1422596366342828
2100	2402	1.1408518417689566
1805	1994	0.9366607062051955
1805	758	0.9349779030111325
1805	1963	0.9231043599784228
1805	4108	0.9115964141392201
1805	635	0.9113792902443313
1805	2894	0.9055594533243951
1805	4123	0.9029171881074534
1805	8945	0.9018334561963103
1805	2671	0.9011038226804735
1805	11754	0.8984629706240407
45	1963	0.7937629309016672
45	1994	0.785989949579155
45	758	0.7851332794962093
45	823	0.774805500248766
45	4123	0.7671973853595502
45	4108	0.7651854603081496
45	2402	0.7642634384495992
45	2894	0.7618821883069199
45	812	0.7611089039409888
45	2102	0.7540918679642172
478	1994	0.8484508682930895
478	758	0.8469846220757435
478	1963	0.8384635764696432
478	4108	0.8241457388435373
478	635	0.8210190332867235
478	2894	0.818521824515253
478	4123	0.8172479414055029
478	8945	0.8137650336566933
478	2671	0.8131028899919773
478	2402	0.8123980510944842
579	1994	0.8934461332887425
579	758	0.8920292339689786
579	1963	0.8860189821578633
579	4108	0.8697105663868319
579	635	0.8644676347175555
579	2894	0.8644348441779005
579	4123	0.8640980648088465
579	2402	0.8595391759472538
579	8945	0.8589177328882662
579	2671	0.858278079189617
1453	1994	1.0493207534586655
1453	758	1.0476805714563415
1453	1963	1.036277815693229
1453	4108	1.0242713265811165
1453	635	1.0237241248608522
1453	2894	1.0182941899593299
1453	4123	1.015847619542757
1453	8945	1.0143868678394659
1453	2671	1.0137368852121336
1453	11754	1.0110826429479027
1349	1994	1.0102501227417249
1349	758	1.0086179579290149
1349	1963	0.9971092479121093
1349	4108	0.985251175962609
1349	635	0.9847058108275912
1349	2894	0.9792529199900575
1349	4123	0.9767803424167958
1349	8945	0.9754069212961645
1349	2671	0.9746968752793165
1349	11754	0.9720766637309073
1764	1994	1.2035728320890997
1764	758	1.202132367650274
1764	1963	1.1895151011454965
1764	635	1.178555751929051
1764	4108	1.1781572403722302
1764	2894	1.1719477620823393
1764	4123	1.1692175300950642
1764	8945	1.1683558047454359
1764	2671	1.1677940658392036
1764	11754	1.1650617322464036
1419	1994	1.1687027623227157
1419	758	1.1672176544335708
1419	1963	1.1520428214806575
1419	635	1.1452623778818738
1419	4108	1.1426999858741274
1419	2894	1.13613372639289
1419	8945	1.133312500613855
1419	2671	1.1327369089516632
1419	4123	1.1324524741138449
1419	11754	1.129853299472136
386	1994	0.931377670153417
386	758	0.9298615229889483
386	1963	0.9205305758489415
386	4108	0.9067617016541047
386	635	0.9044392855506704
386	2894	0.9010487838655183
386	4123	0.8994385372341674
386	8945	0.8964937419304835
386	2671	0.8958998466880841
386	2402	0.8944721792981096
1562	1994	0.9129413701411271
1562	758	0.9108265829457332
1562	1963	0.8973731187000528
1562	635	0.8888473443457187
1562	4108	0.8874777342118163
1562	2894	0.8813632650020057
1562	8945	0.8781408425066142
1562	4123	0.8778177833995153
1562	2671	0.8773254125496528
1562	11754	0.8745237406379676
519	1994	1.0935594001235733
519	758	1.0922317434293443
519	1963	1.0807517721334763
519	4108	1.0682558162554816
519	635	1.067762386019178
519	2894	1.0621877390769219
519	4123	1.0599426399291212
519	8945	1.0581887830651553
519	2671	1.0577542294774227
519	11754	1.0550320273544969
172	1994	1.2694039024149335
172	758	1.267817424194877
172	1963	1.2506890508641784
172	635	1.2471922269946858
172	4108	1.2429496833980347
172	2894	1.2361367688293046
172	8945	1.2339114503870543
172	2671	1.2333034701604906
172	4123	1.2316772143482388
172	11754	1.2302970045333763
1897	1994	1.0508471377861295
1897	758	1.0491400206181725
1897	1963	1.0379957506831219
1897	4108	1.0258368151998067
1897	635	1.0251072891607174
1897	2894	1.0199261162287387
1897	4123	1.0175197603988289
1897	8945	1.0159430902809445
1897	2671	1.0152787752323122
1897	11754	1.0126255196630054
826	1963	0.8660184736840305
826	1994	0.8640696129206367
826	758	0.8631773669726672
826	823	0.8428535094580281
826	4108	0.8419721496636093
826	4123	0.8410539005149827
826	2894	0.8378376328107844
826	2402	0.8374523832897804
826	812	0.8310688709090339
826	8945	0.8294685403508599
1846	1994	1.0176199533161046
1846	758	1.016064020700468
1846	1963	1.0018012657392834
1846	635	0.9936926900968973
1846	4108	0.9919439450779295
1846	2894	0.9855230563397521
1846	8945	0.9824782671239605
1846	4123	0.9821205089848439
1846	2671	0.9818118325265344
1846	11754	0.9790243619884886
815	1994	1.1333018502997152
815	758	1.1317057249879041
815	1963	1.1148214689807199
815	635	1.1109731206977291
815	4108	1.1069849492199686
815	2894	1.1002013137127333
815	8945	1.0979324739839331
815	2671	1.097274861832321
815	4123	1.095826293884881
815	11754	1.0943164678373105
1305	1994	0.9857777620797521
1305	758	0.9837540334137451
1305	1963	0.9708676004711922
1305	635	0.9613280046878235
1305	4108	0.960561797948478
1305	2894	0.9544830463685602
1305	4123	0.9512186650302495
1305	8945	0.9511224191510841
1305	2671	0.9502632825902151
1305	11754	0.94755597420511
243	1994	1.1692468058999093
243	758	1.1673685392849689
243	1963	1.1504247295882974
243	635	1.1471443186797399
243	4108	1.1430499928280473
243	2894	1.1363402058796712
243	8945	1.1341657225391493
243	2671	1.1333556805343157
243	4123	1.1317330869953837
243	11754	1.1304181665303326
1586	1994	0.9099013315288921
1586	1963	0.9098416444449018
1586	758	0.9088145828831513
1586	4108	0.8874314802840944
1586	4123	0.8855208463621479
1586	823	0.8848097044925535
1586	2894	0.8831014250617962
1586	2402	0.8817143276658477
1586	635	0.8763925115936042
1586	8945	0.8753153685540493
538	1994	0.874227575601892
538	758	0.8726893649755163
538	1963	0.8625731892266424
538	4108	0.849573095481122
538	635	0.8478076247284041
538	2894	0.843739681968795
538	4123	0.8418396355417109
538	8945	0.8394739560280372
538	2671	0.8387820821529637
538	2402	0.8368078299315833
1671	1994	1.1123788496051357
1671	758	1.110595456223567
1671	1963	1.0966956644607113
1671	635	1.0883739211344647
1671	4108	1.0868935042792283
1671	2894	1.0805954633810824
1671	8945	1.0775051813927128
1671	4123	1.0771527132083512
1671	2671	1.0767093647913915
1671	11754	1.0739643868730273
118	1994	1.309395973454019
118	758	1.3078692290481175
118	1963	1.2933787786348947
118	635	1.285574914017123
118	4108	1.2836129256227993
118	2894	1.277154769238
118	8945	1.2741557545234832
118	4123	1.2736903083978748
118	2671	1.2735293082792758
118	11754	1.2707083632579734
1038	1994	1.3603396006116557
1038	758	1.3589760063015661
1038	1963	1.3499957374198777
1038	4108	1.3357300535570678
1038	635	1.3330767284732443
1038	2894	1.3300248076973653
1038	4123	1.3286548519023642
1038	8945	1.325323812056519
1038	2671	1.3248090898196472
1038	2402	1.323713559844532
41	1994	1.336247680695778
41	758	1.33470974830086
41	1963	1.3197897303490662
41	635	1.3126853827282354
41	4108	1.3103372826565969
41	2894	1.303823862622468
41	8945	1.3009444624806572
41	2671	1.300332015777152
41	4123	1.3001950313244928
41	11754	1.2974725178569502
1304	1994	1.1956074568063095
1304	758	1.193983677219004
1304	1963	1.1758182725077169
1304	635	1.1740562455338575
1304	4108	1.168970406540856
1304	2894	1.16201391947787
1304	8945	1.1601233206779216
1304	2671	1.159468873614969
1304	4123	1.157157469619646
1304	11754	1.156424084628533
200	1994	1.2910124643754368
200	758	1.2892186077440315
200	1963	1.273202831756333
200	635	1.2682294527040932
200	4108	1.2647591092260109
200	2894	1.2581849835498629
200	8945	1.2556271772860328
200	2671	1.2550047349744
200	4123	1.2539596003277493
200	11754	1.2520103953170092
2018	1994	1.0722791995682963
2018	758	1.0705427676388515
2018	1963	1.0585007249800988
2018	4108	1.0471385451517474
2018	635	1.0471192169812311
2018	2894	1.041098414897518
2018	4123	1.0383527127675378
2018	8945	1.0374145299443387
2018	2671	1.0366952928091306
2018	11754	1.0340211226556433
1980	1994	1.103566616341299
1980	758	1.1019043177479624
1980	1963	1.0902406667631435
1980	4108	1.0785497329377494
1980	635	1.0781447329443055
1980	2894	1.0725358416021344
1980	4123	1.069985202876444
1980	8945	1.0687446967603935
1980	2671	1.0680204489377596
1980	11754	1.0653939795844014
412	1994	1.2658499214795518
412	758	1.2642077709097013
412	1963	1.2463255020010977
412	635	1.244137780632835
412	4108	1.2392701268356896
412	2894	1.232361301059268
412	8945	1.2303846014891726
412	2671	1.2297323914640186
412	4123	1.2275915788027012
412	11754	1.2266973562768955
1387	1994	1.2865206497065282
1387	758	1.2852967201623198
1387	1963	1.2778150302111717
1387	4108	1.2620972263956742
1387	635	1.2582388624719536
1387	2894	1.2565769913116616
1387	4123	1.2558427811520818
1387	8945	1.2513550569324383
1387	2402	1.251046323191643
1387	2671	1.2509792186324262
830	1994	0.9954404600486828
830	758	0.993312716890849
830	1963	0.9806694520952823
830	635	0.9709013253975719
830	4108	0.9702413434077329
830	2894	0.9642353806843049
830	4123	0.9609748954907037
830	8945	0.9607967720932056
830	2671	0.9599430496109664
830	11754	0.9572166683727388
1283	1994	1.2795000489535455
1283	758	1.277898592045812
1283	1963	1.2592015402894974
1283	635	1.2582408892404882
1283	4108	1.2526670153903876
1283	2894	1.2456332716514105
1283	8945	1.243873005049774
1283	2671	1.2432696747544831
1283	4123	1.240599218963971
1283	11754	1.240164176336047
645	1994	1.36286569712294
645	758	1.361344360261884
645	1963	1.345232923493836
645	635	1.3399990507499728
645	4108	1.3366205699735538
645	2894	1.3299347836102933
645	8945	1.3273888961636116
645	2671	1.3268158862721493
645	4123	1.3258886163777863
645	11754	1.3238636954182108
720	1994	1.1877470648566808
720	758	1.186366478257365
720	1963	1.174565760655324
720	4108	1.1623939428293226
720	635	1.1621771595857817
720	2894	1.1562954841621669
720	4123	1.1538959305585517
720	8945	1.152407049117103
720	2671	1.1519423310543362
720	11754	1.1492066171956674
1730	1994	1.35195999707979
1730	758	1.3503978129356358
1730	1963	1.3377702066609671
1730	635	1.3270150305095618
1730	4108	1.3265005975777637
1730	2894	1.320334465914554
1730	4123	1.317503001284241
1730	8945	1.3167417448777998
1730	2671	1.3161808498871506
1730	11754	1.3134121311558247
718	1994	1.2423778286532252
718	758	1.2409361054432113
718	1963	1.2296617054726948
718	4108	1.2171129455098406
718	635	1.2165142078334654
718	2894	1.2111157207964511
718	4123	1.2088552975652016
718	8945	1.207064066842905
718	2671	1.2066050045678087
718	11754	1.2038769453720448
236	1994	1.047047823342246
236	758	1.0458753254035447
236	1963	1.0373709647800586
236	4108	1.0224390172950386
236	635	1.0193793015199875
236	2894	1.016746248026386
236	4123	1.0156875193286556
236	8945	1.011842379196632
236	2671	1.011451840632901
236	2402	1.0107820527639826
2010	1994	1.3207330750387634
2010	758	1.3191010356465638
2010	1963	1.3007148114738896
2010	635	1.2993189157376794
2010	4108	1.2940268991307415
2010	2894	1.287042267095382
2010	8945	1.2852116371993092
2010	2671	1.2845682733283958
2010	4123	1.2820992038699572
2010	11754	1.281500931156603
860	1994	1.1992848683602673
860	758	1.1976882273769793
860	1963	1.1812821094121444
860	635	1.1766642438752222
860	4108	1.1730845918968522
860	2894	1.1663704318974177
860	8945	1.1639612845907676
860	2671	1.1632978169682082
860	4123	1.1621670695003734
860	11754	1.160370389272488
1883	1994	1.2795212117326686
1883	758	1.2779181560713844
1883	1963	1.2604129109642166
1883	635	1.2575714900166461
1883	4108	1.253064472198246
1883	2894	1.2461926699477441
1883	8945	1.2441118194874798
1883	2671	1.2434489573244967
1883	4123	1.241590263794269
1883	11754	1.2404559852629784
612	1994	0.921449668354993
612	758	0.9196775460056462
612	1963	0.9060527982265749
612	635	0.897291743662211
612	4108	0.8960492285721886
612	2894	0.889781316310027
612	8945	0.8866131391956888
612	4123	0.88644693500086
612	2671	0.8858162015690336
612	11754	0.8830948204034879
1991	758	1.0994856054880082
1991	1963	1.0928600485735296
1991	4108	1.0766359096476632
1991	635	1.0719930568859364
1991	2894	1.0712388189903481
1991	4123	1.0707925681522474
1991	2402	1.0661188423041912
1991	8945	1.0658068090629917
1991	2671	1.065350521388678
1991	11754	1.062948507684486
1431	1963	0.869130146691216
1431	1994	0.8663750120661105
1431	758	0.8652749650774275
1431	823	0.8459476346386289
1431	4108	0.8446243472446007
1431	4123	0.8441242918049725
1431	2894	0.8406981007579293
1431	2402	0.8406618329029029
1431	812	0.8334453520076518
1431	8945	0.8320884179211584
1424	1994	1.037600305240224
1424	758	1.0364824123537848
1424	1963	1.0310924224311215
1424	4108	1.0136600722427995
1424	4123	1.008502193663111
1424	2894	1.0084056631903144
1424	635	1.0080050561588763
1424	2402	1.0039504100699577
1424	8945	1.002545899871107
1424	2671	1.0022040624872715
352	1994	0.8532124435688965
352	758	0.8517940151213743
352	1963	0.8477187853291593
352	4108	0.8297710264260567
352	4123	0.8251334670775324
352	2894	0.8247876004091728
352	635	0.8230471780133597
352	2402	0.8207742792279091
352	8945	0.8186333788108289
352	2671	0.8181039096496757
647	1994	1.2868350540751077
647	758	1.2855001129544925
647	1963	1.2757709397620598
647	4108	1.2619143388735412
647	635	1.259972108596888
647	2894	1.2561056799605337
647	4123	1.254481520537467
647	8945	1.2515764206363922
647	2671	1.2511524621908008
647	2402	1.2494267090347337
513	1994	1.236245964210405
513	758	1.2346309003790639
513	1963	1.2159331132977682
513	635	1.2150088922412734
513	4108	1.2094588632877765
513	2894	1.2024241559056443
513	8945	1.2006818082952737
513	2671	1.2000479632462246
513	4123	1.1973820394365926
513	11754	1.196960861970061
725	1963	0.7844122458126008
725	1994	0.7799181617666713
725	758	0.7789262285822615
725	823	0.7625873025664043
725	4123	0.7589881328881509
725	4108	0.758623506612564
725	2402	0.7557300151945594
725	2894	0.7548895640945972
725	812	0.74949089978235
725	8945	0.7458099858365543
179	1994	1.0082493607853094
179	758	1.006625202111486
179	1963	0.9920869009978837
179	635	0.9845398989503469
179	4108	0.9825658642230504
179	2894	0.9761227714711831
179	8945	0.9731876556207959
179	4123	0.9725718689330347
179	2671	0.9724686556344149
179	11754	0.9696821662786586
1333	1994	1.2081527997231114
1333	758	1.2067217455695305
1333	1963	1.1940907102793574
1333	635	1.1831092221841515
1333	4108	1.1826003957419895
1333	2894	1.1763999239844825
1333	4123	1.1736634223519775
1333	8945	1.1727626287240591
1333	2671	1.172288065912233
1333	11754	1.1694954823457993
280	1994	0.8516887093450746
280	758	0.8500201896308217
280	1963	0.84246295720163
280	4108	0.8276556715262423
280	635	0.823798999686586
280	2894	0.8222359826442314
280	4123	0.8211533333416174
280	8945	0.8172289238611863
280	2671	0.8164874857836834
280	2402	0.8164263854664257
765	1994	1.2569932360518588
765	758	1.2553722167125707
765	1963	1.2377331449232363
765	635	1.2351183019679313
765	4108	1.230472365299641
765	2894	1.2235921193553498
765	8945	1.2215420747831127
765	2671	1.2208909489705164
765	4123	1.2189263310821157
765	11754	1.2178747013884754
85	1994	1.349419951476826
85	758	1.3479914458485605
85	1963	1.335504780902096
85	635	1.3243012755762371
85	4108	1.3239806957636737
85	2894	1.3177921821685308
85	4123	1.3151149624610081
85	8945	1.3141408428086576
85	2671	1.3136142865063534
85	11754	1.310867282941523
617	1994	1.124805561243725
617	758	1.123960205971833
617	1963	1.122794894339487
617	4108	1.1016099009493487
617	289	1.099057073772534
617	4123	1.0987064044745745
617	823	1.0971889936525758
617	2894	1.0968985117219168
617	2402	1.0946033018760049
617	635	1.0924485783920426
743	1994	1.1867989168398916
743	758	1.1852865194592592
743	1963	1.1731556983050062
743	4108	1.16160883833155
743	635	1.1615652677668464
743	2894	1.1554812371822378
743	4123	1.1528755641934068
743	8945	1.1517905668180546
743	2671	1.1511465269820158
743	11754	1.1484818395256349
1551	1994	1.3437119255899006
1551	758	1.3423218333574296
1551	1963	1.3312652295957146
1551	4108	1.318584009505501
1551	635	1.3177073018446728
1551	2894	1.3125912366305859
1551	4123	1.310454577811126
1551	8945	1.3085006396982646
1551	2671	1.3079996563142304
1551	11754	1.3053298765602288
1614	1994	1.2028180215043407
1614	758	1.2011968166454832
1614	1963	1.1830854361550525
1614	635	1.1812291406638769
1614	4108	1.1761858011002935
1614	2894	1.169237249561709
1614	8945	1.1673276589430917
1614	2671	1.166677796164166
1614	4123	1.1644018652326107
1614	11754	1.163633311495479
2032	1994	1.2707496446079727
2032	758	1.2693625279473273
2032	1963	1.2592030601890216
2032	4108	1.2457059799572159
2032	635	1.2441785427933367
2032	2894	1.2398539074105366
2032	4123	1.238033175972935
2032	8945	1.2354491536308436
2032	2671	1.2350313443748382
2032	2402	1.2329250194299126
1440	1994	1.2302953974377215
1440	758	1.2290676280026458
1440	1963	1.225175922434555
1440	4108	1.206806781280231
1440	4123	1.202350326131752
1440	2894	1.20179560752139
1440	635	1.1998818573995154
1440	2402	1.1979937147172601
1440	823	1.1961372564548325
1440	8945	1.1955362668905836
581	1994	1.1107954024253983
581	758	1.1089534990852723
581	1963	1.0908294065788533
581	635	1.0894046405280067
581	4108	1.084391674280009
581	2894	1.0774915714538609
581	8945	1.0756903791416386
581	2671	1.0748473517228438
581	4123	1.07249325357306
581	11754	1.0718762056214493
877	1994	1.3247670440183519
877	758	1.3231720298112588
877	1963	1.3068143841232664
877	635	1.3021163378428682
877	4108	1.298577938378317
877	2894	1.2918702312040808
877	8945	1.289446386090749
877	2671	1.2887834723590093
877	4123	1.287685486798882
877	11754	1.2858589842751282
1051	1994	1.0569650281104352
1051	758	1.0553899093190797
1051	1963	1.0395610631219703
1051	635	1.033982901545574
1051	4108	1.0308776126320545
1051	2894	1.0242415590875067
1051	8945	1.0216495506508658
1051	2671	1.021007247402621
1051	4123	1.0202599761910918
1051	11754	1.018105487335494
1573	1994	1.1533383401948671
1573	758	1.1516906208163438
1573	1963	1.138413694116315
1573	635	1.1288357413044823
1573	4108	1.1277723995202686
1573	2894	1.1215391256907905
1573	4123	1.1184113100571356
1573	8945	1.1181662467897329
1573	2671	1.117551016241122
1573	11754	1.114755728546939
284	1994	1.2183926097354059
284	758	1.2167742868040117
284	1963	1.1987915978574681
284	635	1.1967152533080099
284	4108	1.1917654614114916
284	2894	1.1848376005526857
284	8945	1.1828806657050839
284	2671	1.1822454299547507
284	4123	1.1800493204617453
284	11754	1.1791981795390316
1514	1994	1.0893482990693533
1514	758	1.0883619946860208
1514	1963	1.0863014647950506
1514	4108	1.0660788921025703
1514	4123	1.0626578917830758
1514	2894	1.0612721524496822
1514	823	1.0594955988829358
1514	2402	1.0584758008967976
1514	635	1.0576434911284918
1514	8945	1.0543670737666282
737	1994	1.3703134734879205
737	758	1.368526783583897
737	1963	1.3501312414119455
737	635	1.3489424765728344
737	4108	1.3434446925481853
737	2894	1.3365325098846639
737	8945	1.334663688024786
737	2671	1.3340761589237935
737	4123	1.331455622079682
737	11754	1.3309186807788147
1111	1963	0.7819400671965635
1111	1994	0.7764696343427189
1111	758	0.7754923657184833
1111	823	0.7609468110041143
1111	4123	0.756158557812093
1111	4108	0.7553005491579824
1111	2402	0.7529951596438264
1111	2894	0.75170963294299
1111	812	0.7476804748620152
1111	8945	0.7423051240824068
38	1994	0.8764709647947648
38	758	0.8747138380549266
38	1963	0.8674233566803544
38	4108	0.8522753462412238
38	635	0.8484334358612173
38	2894	0.8469427011144188
38	4123	0.8458735092036576
38	8945	0.8417803669354951
38	2671	0.8411708365699248
38	2402	0.8411388448126031
972	1994	1.1847790594470888
972	758	1.1830560505170862
972	1963	1.1671502470440676
972	635	1.1619540524216774
972	4108	1.1588177338677887
972	2894	1.1522074767303492
972	8945	1.1497062139261183
972	2671	1.1489335441122814
972	4123	1.1480925724195652
972	11754	1.146074808276148
1570	1994	1.1701211851257696
1570	758	1.168724736277619
1570	1963	1.1609784517281678
1570	4108	1.1458868220597107
1570	635	1.1421607595379215
1570	2894	1.1403610043217145
1570	4123	1.1394125589083737
1570	8945	1.1353254815494254
1570	2671	1.1347525630066906
1570	2402	1.1346331293016116
828	1994	1.3360803776619017
828	758	1.3345263200508926
828	1963	1.3189224674977378
828	635	1.3129317356890633
828	4108	1.3099880166342706
828	2894	1.3033838950344847
828	8945	1.30070248118214
828	2671	1.3000986124715463
828	4123	1.2994963292107125
828	11754	1.2971877327204417
1982	1994	1.3178630315903948
1982	758	1.3161999046325825
1982	1963	1.2979474022299669
1982	635	1.2963821734278966
1982	4108	1.2911743083573375
1982	2894	1.284221595447715
1982	8945	1.2823492725746206
1982	2671	1.2817066455031478
1982	4123	1.2793012292412815
1982	11754	1.2786370098764737
1319	1994	0.8679785734733925
1319	758	0.8665759606851478
1319	1963	0.8634794558372729
1319	4108	0.8447156323756935
1319	4123	0.8405823663079942
1319	2894	0.8398768292095822
1319	635	0.8371923773560079
1319	2402	0.8363276355188669
1319	823	0.8344282730581195
1319	8945	0.8334123627774099
89	1994	0.914277151409178
89	758	0.9130544182768738
89	1963	0.9093075952004883
89	4108	0.8908637038336427
89	4123	0.8864820211916263
89	2894	0.8858690039052401
89	635	0.883777595760855
89	2402	0.8821494312928503
89	823	0.8803383444506576
89	8945	0.8795816704389142
1554	1994	1.00897169799124
1554	758	1.0076164934124012
1554	1963	1.0023164960026287
1554	4108	0.9851428975392155
1554	2894	0.9799772694108656
1554	4123	0.97992785460869
1554	635	0.97945893941121
1554	2402	0.9754030278637542
1554	8945	0.9741493395695638
1554	2671	0.9736824800079679
1527	1994	0.912116368018885
1527	1963	0.9118961648554904
1527	758	0.9107724203297827
1527	4108	0.8898020433089375
1527	4123	0.8878191193237648
1527	823	0.8860103427625284
1527	2894	0.8855566247579052
1527	2402	0.8840515785556
1527	635	0.8787380067148047
1527	8945	0.8778133609258867
440	1994	1.0030155365156708
440	758	1.0019555676572454
440	1963	1.0000965968720958
440	4108	0.9799186320820346
440	4123	0.9765630552111099
440	2894	0.9751541950271098
440	823	0.9730723014824731
440	2402	0.9724275060563534
440	635	0.9712536607962144
440	8945	0.968242445703217
1778	1994	1.1703165745523072
1778	758	1.16917226642279
1778	1963	1.1623662336163116
1778	4108	1.145880753116543
1778	635	1.1415437721186765
1778	2894	1.1404496564437732
1778	4123	1.1400081871317664
1778	2402	1.1352593847859487
1778	8945	1.134956427268309
1778	2671	1.1347072910176277
219	1994	1.1584929715023962
219	758	1.1568547480413587
219	1963	1.1476997512529672
219	4108	1.1339430409282898
219	635	1.1315127286230942
219	2894	1.1282960240052846
219	4123	1.1266564548364864
219	8945	1.1237107076769184
219	2671	1.1230662599317374
219	2402	1.1217150374029563
1898	1994	1.13874153605661
1898	758	1.136973709683057
1898	1963	1.1205146626195972
1898	635	1.116262155337254
1898	4108	1.1125410923960388
1898	2894	1.1058746938355122
1898	8945	1.1035014150706588
1898	2671	1.1027949343139898
1898	4123	1.1015196982118838
1898	11754	1.0998458648902463
1780	1994	1.0017116821617356
1780	758	0.9997227607454766
1780	1963	0.9876503414364675
1780	635	0.9767382843629128
1780	4108	0.9766425622874173
1780	2894	0.9706746046663548
1780	4123	0.9677264836485355
1780	8945	0.9670521350501899
1780	2671	0.9662272572165749
1780	11754	0.9635527787337824
129	1994	1.1343212307075436
129	758	1.1328554466854466
129	1963	1.121782591840961
129	4108	1.1093040282578068
129	635	1.1084220786648593
129	2894	1.1033187725186135
129	4123	1.1011228186461046
129	8945	1.0992789696961738
129	2671	1.0987020424528646
129	11754	1.096068124980602
1287	1963	1.059290682616303
1287	1994	1.0566694212638035
1287	758	1.0557938567826401
1287	823	1.0366035441043024
1287	4108	1.0347602727772545
1287	4123	1.0341801863306574
1287	2894	1.0307128542203894
1287	2402	1.0306605719832138
1287	812	1.0245405609946399
1287	8945	1.022160583243123
1097	1994	1.0459373242725813
1097	758	1.0445365547868435
1097	1963	1.0388498619695923
1097	4108	1.0220744366998136
1097	2894	1.0168600815841733
1097	635	1.0167051856365281
1097	4123	1.0166402778667258
1097	2402	1.012081621708413
1097	8945	1.011171186958542
1097	2671	1.010663437471211
52	1994	1.2594400379096282
52	758	1.257942452556258
52	1963	1.246664789354929
52	4108	1.2344495338679886
52	635	1.2336783922223624
52	2894	1.2284412756053786
52	4123	1.2261530700303929
52	8945	1.22449523153999
52	2671	1.223851671699954
52	11754	1.2212397385204266
132	1994	0.9010860179757035
132	758	0.8993038161381526
132	1963	0.8912346977793667
132	4108	0.8768702314390896
132	635	0.8735725389670272
132	2894	0.8714171745358592
132	4123	0.8700588033327037
132	8945	0.8665484731279129
132	2671	0.8658312517122497
132	2402	0.8652629506310348
1139	1994	1.0656350693594865
1139	758	1.0639040118336485
1139	1963	1.0518321949273632
1139	4108	1.0405003269487922
1139	635	1.0404918003103207
1139	2894	1.0344530062338828
1139	4123	1.0317015850258604
1139	8945	1.0307822376683575
1139	2671	1.0300554770289054
1139	11754	1.0273863267993306
1530	1994	0.9153456833281282
1530	758	0.9137124060262412
1530	1963	0.9059366695809775
1530	4108	0.8911269984940591
1530	635	0.8875354382855942
1530	2894	0.885678160797533
1530	4123	0.8845361411686818
1530	8945	0.8806841474997721
1530	2671	0.88003543486605
1530	2402	0.8797585176274632
210	1963	0.7252845363678891
210	1994	0.7247206322844755
210	758	0.7236053212048914
210	4108	0.7025247566232392
210	4123	0.7009186518072202
210	823	0.7004522019446664
210	2894	0.6982814782323685
210	2402	0.6972139349116848
210	635	0.6908875240303068
210	8945	0.6903443911108037
1587	1994	1.310227041337015
1587	758	1.3086399465633072
1587	1963	1.2956469225412772
1587	635	1.2855255495753366
1587	4108	1.2847337798041503
1587	2894	1.2785188446958664
1587	4123	1.2755402515176295
1587	8945	1.2750569020078895
1587	2671	1.274455354719756
1587	11754	1.2716861769901804
1567	1994	1.0222443615359231
1567	758	1.0208366555866935
1567	1963	1.0146233296306681
1567	4108	0.998272078530102
1567	635	0.9933399643902122
1567	2894	0.9929819744024428
1567	4123	0.9925686548724239
1567	2402	0.9879511604406946
1567	8945	0.987455367824257
1567	2671	0.9869391530058287
704	1994	0.7553515473843575
704	758	0.7537726408064738
704	1963	0.7486783324323822
704	4108	0.7318622739222199
704	2894	0.7267685755083639
704	4123	0.7266361972844321
704	635	0.7259286009733139
704	2402	0.7221928649199985
704	8945	0.7210043325688629
704	2671	0.7203114865009749
383	1994	1.0349041070100442
383	758	1.0334859326949222
383	1963	1.0205218796157018
383	635	1.0101175040950385
383	4108	1.0094720053919919
383	2894	1.003195763583778
383	4123	1.0003608781676463
383	8945	0.9997264537347077
383	2671	0.9991392374716255
383	11754	0.9964151195960163
560	1994	0.8889996360289321
560	758	0.8879655620016047
560	1963	0.887672109680308
560	4108	0.8662496927565881
560	4123	0.8636930841341115
560	823	0.8618277586367983
560	2894	0.8617049419071064
560	2402	0.8597380514722643
560	635	0.8562782967728281
560	8945	0.8543162105985043
1375	1994	0.9430438025759693
1375	758	0.9413545874936328
1375	1963	0.9282012922683007
1375	635	0.918551551642609
1375	4108	0.9177616308176866
1375	2894	0.9115342466214451
1375	4123	0.9084336279377194
1375	8945	0.9082209184937453
1375	2671	0.9074353709762724
1375	11754	0.9047569529033117
527	1994	0.9870919218640627
527	758	0.9852781085177142
527	1963	0.9771132359630572
527	4108	0.962887813557182
527	635	0.9596499769649969
527	2894	0.9574304442656569
527	4123	0.9560158699255215
527	8945	0.9526073250502349
527	2671	0.9518540237448936
527	2402	0.9512139674987286
1234	1994	1.1750668246053526
1234	758	1.1735221295422893
1234	1963	1.15898396698659
1234	635	1.151284114921192
1234	4108	1.1492636834776395
1234	2894	1.1428058283599967
1234	8945	1.1398194714925087
1234	4123	1.1393094556020633
1234	2671	1.1391949657378995
1234	11754	1.1363646443918756
1255	1994	1.257176278668696
1255	758	1.2555487445037166
1255	1963	1.237064485624986
1255	635	1.2358119919861763
1255	4108	1.2304452349148947
1255	2894	1.2234462348494435
1255	8945	1.221644449547264
1255	2671	1.2209998304876155
1255	4123	1.2184717159610894
1255	11754	1.2179277474314245
1388	1994	1.0024967627881398
1388	758	1.000880327065202
1388	1963	0.9868527533022966
1388	635	0.9784706349090155
1388	4108	0.9769066422339655
1388	2894	0.9705372235713402
1388	8945	0.9674392833331349
1388	4123	0.9671736237567418
1388	2671	0.9667395658503395
1388	11754	0.9639717106644188
263	1994	1.0050523756140375
263	758	1.0040803535157306
263	1963	1.002276881850765
263	4108	0.9819360646919936
263	4123	0.9786448316023217
263	2894	0.9771509775510278
263	823	0.9755693072015361
263	2402	0.9745108774615165
263	635	0.9732145301569967
263	8945	0.9702004842827416
1553	1994	1.032063827946479
1553	758	1.0306479070222876
1553	1963	1.0220021513982218
1553	4108	1.0075792393014582
1553	635	1.0046578980050633
1553	2894	1.0019325620541122
1553	4123	1.0006434544923726
1553	8945	0.9971516010643886
1553	2671	0.9966050512577239
1553	2402	0.9957524480994643
604	1994	1.3186766144483442
604	758	1.317097036178678
604	1963	1.3035786916072976
604	635	1.2942676410618357
604	4108	1.292981563792713
604	2894	1.2866957909170804
604	4123	1.2835304586702272
604	8945	1.2833612070726992
604	2671	1.2828110419458798
604	11754	1.2799766578687242
1568	1994	0.7997706545562153
1568	758	0.7982500764994711
1568	1963	0.7953610092484793
1568	4108	0.7767454303846153
1568	4123	0.7726561098093878
1568	2894	0.771955939500059
1568	635	0.768972991557729
1568	2402	0.7684616465376302
1568	823	0.7658824181121944
1568	8945	0.765509232369406
1037	1994	1.2534125744814975
1037	758	1.2517980570215523
1037	1963	1.2341684147056624
1037	635	1.2315274510153351
1037	4108	1.226877440071783
1037	2894	1.219997841222857
1037	8945	1.2179380357831577
1037	2671	1.217300392813992
1037	4123	1.215339100003565
1037	11754	1.2142775171172797
995	1994	1.081326705565802
995	758	1.0796831463483092
995	1963	1.0672938836638368
995	635	1.0563618205513805
995	4108	1.0561575635818325
995	2894	1.0500257615829813
995	4123	1.0472294027725608
995	8945	1.0464524189767583
995	2671	1.0457365544199073
995	11754	1.0430727508548294
495	1994	0.9247511170507041
495	758	0.9235746006188752
495	1963	0.9224098863720424
495	4108	0.9018312925141481
495	4123	0.8987710192062576
495	2894	0.897203820685995
495	823	0.8954950488497044
495	2402	0.894721847671536
495	635	0.8926515487385742
495	8945	0.8901002805725705
678	1994	1.134552574334581
678	758	1.1330642609384503
678	1963	1.1222145690307472
678	4108	1.1095601864574973
678	635	1.1085063964071749
678	2894	1.1036214865779632
678	4123	1.1014871149998868
678	8945	1.0995097905820488
678	2671	1.0989337374290675
678	2402	1.0963380597520171
1308	1994	1.0834541072842554
1308	758	1.081655742286354
1308	1963	1.064986541397267
1308	635	1.0611310559151552
1308	4108	1.057271860536026
1308	2894	1.0505795321164055
1308	8945	1.0482969894497405
1308	2671	1.0475383481301426
1308	4123	1.0461295936011887
1308	11754	1.0446043437675305
1301	1994	0.8994529334416123
1301	758	0.8980414795352487
1301	1963	0.88886514247947
1301	4108	0.8749259586767066
1301	635	0.8723812246574938
1301	2894	0.8691932692502283
1301	4123	0.8677224351755001
1301	8945	0.864600230661094
1301	2671	0.8640015434825165
1301	2402	0.8627838895518055
1261	1994	1.0080041194710727
1261	758	1.0064907572479787
1261	1963	0.9945961330442616
1261	4108	0.9828148088374967
1261	635	0.9826113287133725
1261	2894	0.9767287201557551
1261	4123	0.9742035529009061
1261	8945	0.9729486333962339
1261	2671	0.9723357357833345
1261	11754	0.96966110402537
71	758	1.1136397497734773
71	1963	1.1104532448513933
71	4108	1.0915302363221429
71	4123	1.087448943922315
71	2894	1.0866026412276302
71	635	1.0839583459677569
71	2402	1.0831806736859941
71	823	1.0820045337685664
71	8945	1.0801411607974374
71	2671	1.0796963554637926
671	1963	0.6880546049850569
671	1994	0.6790203093058275
671	758	0.6779651191764453
671	823	0.6694132614097799
671	4123	0.6613174064810323
671	4108	0.6586612179435309
671	2402	0.658574880289252
671	2894	0.6556262371997856
671	812	0.6548674369295552
671	2102	0.6459062458412677
1033	1994	0.9098579995603697
1033	758	0.9083318048563005
1033	1963	0.9025407595292941
1033	4108	0.8860545482353539
1033	2894	0.8808553307439257
1033	635	0.8807984623948677
1033	4123	0.8805050538260675
1033	2402	0.8759526076655192
1033	8945	0.8752377014971114
1033	2671	0.8746584985820445
116	1994	1.2511717312415471
116	758	1.2496002595647695
116	1963	1.2328967496678294
116	635	1.2286990165355378
116	4108	1.2248415966007786
116	2894	1.2180824016851601
116	8945	1.2157379932967427
116	2671	1.215117022708283
116	4123	1.2137886374199107
116	11754	1.212148817653564
886	1994	0.9238060757923336
886	758	0.922566327026498
886	1963	0.9196367507476622
886	4108	0.9005943495567248
886	4123	0.8966162227071877
886	2894	0.895723029620948
886	635	0.8928249870654765
886	2402	0.8923815509276717
886	823	0.8911726250905263
886	8945	0.8891975435603977
13	1994	0.6870452450256218
13	758	0.685289785307383
13	1963	0.6819398945577612
13	4108	0.6639480277458133
13	4123	0.6595220488530477
13	2894	0.6591672567609024
13	635	0.6566709101960639
13	2402	0.6552822849493972
13	8945	0.6528934719288604
13	2671	0.6521713569020471
1641	1994	1.3273703632084484
1641	758	1.3258065112912258
1641	1963	1.3092600394820915
1641	635	1.3047856521430141
1641	4108	1.3010354757328924
1641	2894	1.2943011706600884
1641	8945	1.2918945184332689
1641	2671	1.291299738615061
1641	4123	1.29006732118396
1641	11754	1.2883235742722599
667	1994	0.8715811494286965
667	758	0.8697246760000603
667	1963	0.8600445084437858
667	4108	0.8470248562957189
667	635	0.845084165401938
667	2894	0.8413620084615543
667	4123	0.8393707275281548
667	8945	0.8369952697392784
667	2671	0.8362338912970465
667	2402	0.8343924671359803
568	1994	0.9038180169825899
568	758	0.9022703578616449
568	1963	0.8971637494460472
568	4108	0.8801361331135062
568	2894	0.8750510935986247
568	4123	0.8749274117221644
568	635	0.8743326953481363
568	2402	0.8704466498960199
568	8945	0.8692196820979199
568	2671	0.8686496159022052
1608	1994	0.9246819729802371
1608	758	0.9233477586107596
1608	1963	0.9158318625553171
1608	4108	0.9003706593435331
1608	635	0.8965241257849963
1608	2894	0.8948693552808962
1608	4123	0.8940433013853857
1608	8945	0.8897106308355103
1608	2402	0.8892672183349826
1608	2671	0.8892392931437151
1695	1994	0.8990537248623583
1695	758	0.8979643045220391
1695	1963	0.8967639477730793
1695	4108	0.8760967048213446
1695	4123	0.8730603809813448
1695	2894	0.8714401101072192
1695	823	0.8701207639503631
1695	2402	0.8690000247531245
1695	635	0.8669095685836586
1695	8945	0.8643296697503839
1754	1994	1.0027167588913999
1754	758	1.001521682810588
1754	1963	0.9933764818382378
1754	4108	0.9781584233277288
1754	635	0.9748288665336201
1754	2894	0.9725300000098529
1754	4123	0.9715808786902737
1754	8945	0.9675098782909811
1754	2671	0.967130890170884
1754	2402	0.9667107528570204
297	1994	1.1797263530982611
297	758	1.1780174255202598
297	1963	1.160877275858708
297	635	1.1576016788548376
297	4108	1.1533388793338615
297	2894	1.1465604280095216
297	8945	1.1443767357474148
297	2671	1.1436919748003749
297	4123	1.1420058000717215
297	11754	1.1407017174888696
515	1994	1.2662853378733763
515	758	1.2647600588071983
515	1963	1.2530936669717674
515	4108	1.2410131181471207
515	635	1.2407347580068901
515	2894	1.2349776687874399
515	4123	1.2325162713399218
515	8945	1.2310806641836916
515	2671	1.2305536488120328
515	11754	1.2278281830576327
29	1994	1.1602121843388242
29	758	1.158327129066293
29	1963	1.1419338322923671
29	635	1.1377942205848133
29	4108	1.13422629056817
29	2894	1.1275922813130121
29	8945	1.125284989322485
29	2671	1.1244168654540692
29	4123	1.1231818214043647
29	11754	1.1215492876041737
1915	1994	1.112211418073779
1915	758	1.1108750270733827
1915	1963	1.1005864300380606
1915	4108	1.087280923225308
1915	635	1.0857190998393649
1915	2894	1.0813784080152706
1915	4123	1.0795598654983602
1915	8945	1.0770595152128095
1915	2671	1.0765612887247287
1915	2402	1.074462126716371
1101	1994	1.3073088168696934
1101	758	1.3059255475954417
1101	1963	1.2976902003943152
1101	4108	1.28279049447477
1101	635	1.27958829926706
1101	2894	1.277208446973356
1101	4123	1.2760850735707443
1101	8945	1.2722571050400764
1101	2671	1.2717898832449506
1101	2402	1.27121607526391
442	1994	0.9989667085303047
442	758	0.9974032061582877
442	1963	0.9830567125576276
442	635	0.9750966512000445
442	4108	0.9732816126457937
442	2894	0.9668501955808753
442	8945	0.9638349641547826
442	4123	0.9634123539324101
442	2671	0.9631600220642486
442	11754	0.9603714587792809
77	1963	0.8298119023052372
77	1994	0.8265841772820465
77	758	0.8256406745712606
77	823	0.807282210252245
77	4108	0.8049209711133386
77	4123	0.8046463140493918
77	2402	0.8012229893521127
77	2894	0.8009852624495946
77	812	0.7947894695904589
77	8945	0.7922701762071745
1926	1963	1.1043706835536913
1926	1994	1.1004619768722934
1926	758	1.0997508877701743
1926	823	1.0831905942146438
1926	4123	1.0786839420196903
1926	4108	1.0786186035186252
1926	2402	1.0752581857396213
1926	2894	1.074697706879792
1926	289	1.0723712792508342
1926	812	1.071175988468352
1474	1963	0.9817636874188305
1474	1994	0.9752649766324023
1474	758	0.9746492914699947
1474	823	0.9626844641071433
1474	4123	0.955299084783549
1474	289	0.9540327528255104
1474	4108	0.9539342627156047
1474	2402	0.9521522731149304
1474	2894	0.9503489233863393
1474	812	0.9499843011617367
158	1994	1.0992815168304049
158	758	1.0975926746217561
158	1963	1.0917055276564167
158	4108	1.0756145410927722
158	2894	1.0704448096792636
158	635	1.0703883266673007
158	4123	1.0699443048621236
158	2402	1.0654087401788341
158	8945	1.0649323244951234
158	2671	1.0642014319191198
1583	1994	0.9857107389795933
1583	758	0.9840856445160646
1583	1963	0.9742779569711806
1583	4108	0.9610655570507256
1583	635	0.9591328028721404
1583	2894	0.9553136162985122
1583	4123	0.95345349997296
1583	8945	0.9509424268508774
1583	2671	0.9502660523571266
1583	2402	0.9484462174023112
96	1994	1.301377695973419
96	758	1.2999015507829959
96	1963	1.2870018562846461
96	635	1.2765636993927736
96	4108	1.2759265033119458
96	2894	1.2696842793800023
96	4123	1.2668266651290687
96	8945	1.2661904997633522
96	2671	1.2656040981120225
96	11754	1.2628633549958117
308	1994	1.2570273250895156
308	758	1.2553923034546617
308	635	1.2362749827956139
308	1963	1.235874324016758
308	4108	1.2299678248312047
308	2894	1.2228308656164952
308	8945	1.2213063742722858
308	2671	1.2207168872714942
308	5236	1.2177104768544953
308	11754	1.2175435271380732
677	1994	0.8860294893159825
677	758	0.8848899882103809
677	1963	0.8820599255848759
677	4108	0.862851257681773
677	4123	0.8589649121114449
677	2894	0.8579577712657795
677	635	0.8549397207675888
677	2402	0.8547436769651935
677	823	0.8539417391821491
677	8945	0.8513956198063493
903	1963	0.6680526628437335
903	1994	0.6642376282626378
903	758	0.663040425288194
903	823	0.6450674459699607
903	4123	0.6430534819656106
903	4108	0.6430233699714538
903	2402	0.6397760616288971
903	2894	0.6392727103003882
903	812	0.6316609338449178
903	8945	0.6304247979211571
1556	1994	0.9941357392779469
1556	758	0.9927791024135101
1556	1963	0.983784438475542
1556	4108	0.9696021930963807
1556	635	0.9669015813376554
1556	2894	0.9638834889222365
1556	4123	0.9625181609679738
1556	8945	0.9592141515766502
1556	2671	0.9586540177848618
1556	2402	0.9575903702536108
1322	1994	0.9970195887193855
1322	758	0.9957189046765561
1322	1963	0.9882434021184637
1322	4108	0.9728074347630864
1322	635	0.9688302346994078
1322	2894	0.967292601415741
1322	4123	0.96651315645418
1322	8945	0.9621520864867218
1322	2402	0.9617570575356044
1322	2671	0.9616270530527071
2046	1994	0.876403996886557
2046	758	0.8748875292379612
2046	1963	0.8631929068394526
2046	4108	0.8513109958351698
2046	635	0.8509070969156167
2046	2894	0.8452495971716381
2046	4123	0.842796250847401
2046	8945	0.84142768246291
2046	2671	0.8407843827711737
2046	11754	0.8381428092878116
241	1994	0.8381957293892075
241	758	0.8365247331162198
241	1963	0.8288195365819159
241	4108	0.8142309548250266
241	635	0.810414593384874
241	2894	0.8087820502466205
241	4123	0.8076505300182157
241	8945	0.8038576770888806
241	2671	0.8030464828285595
241	2402	0.8029245307348095
2061	1994	1.015427839032598
2061	758	1.0137477425166015
2061	1963	1.0003886524897005
2061	635	0.9910314357758594
2061	4108	0.9899763300756939
2061	2894	0.9837269074376339
2061	4123	0.980552365676683
2061	8945	0.9804292053404855
2061	2671	0.9797260865269354
2061	11754	0.9769807678124516
730	1994	0.9122584469734882
730	758	0.9105034216885769
730	1963	0.9014740841755481
730	4108	0.8878435293822262
730	635	0.8853071582576659
730	2894	0.8822426149785139
730	4123	0.8805622962920463
730	8945	0.8776684041575434
730	2671	0.8769360772967564
730	2402	0.8756574579818588
827	1994	0.9989172878776189
827	758	0.9976855881265124
827	1963	0.9964732913158025
827	4108	0.976149214753425
827	4123	0.9730375403860128
827	2894	0.9715200556331166
827	823	0.9691786714901969
827	2402	0.9690117054210292
827	635	0.966902604791781
827	8945	0.9644972140883995
663	1994	1.330455989373738
663	758	1.3290562474776346
663	1963	1.3181692843227635
663	4108	1.305454016975436
663	635	1.304377860955936
663	2894	1.299479495230589
663	4123	1.2974012529719017
663	8945	1.2953700676626125
663	2671	1.2948141751689568
663	2402	1.2922465324022328
328	1994	1.0290979854879079
328	758	1.0273073638259713
328	1963	1.0178046402404404
328	4108	1.0044326362918448
328	635	1.0024163038161888
328	2894	0.9987889180507121
328	4123	0.9969038528262724
328	8945	0.9943087855848376
328	2671	0.9936555472012941
328	2402	0.9919175953445664
2017	1994	0.8693870688565613
2017	758	0.8676146958347151
2017	1963	0.8571979866052901
2017	4108	0.8448028485270962
2017	635	0.8433038766889351
2017	2894	0.8389941133892429
2017	4123	0.8368131385513932
2017	8945	0.8348937194699705
2017	2671	0.8340506434733622
2017	2402	0.8317725631365981
1862	1994	1.0245620980843382
1862	758	1.023232058873274
1862	1963	1.0158484452648626
1862	4108	1.000346666331588
1862	635	0.9963244716510333
1862	2894	0.9948585461299888
1862	4123	0.994087825278901
1862	8945	0.9896850274498644
1862	2402	0.9893377838623436
1862	2671	0.9891663911632004
10	1963	0.7609832851731668
10	1994	0.7521393960208091
10	758	0.7513921192260629
10	823	0.7431182152436266
10	4123	0.7340412038659317
10	4108	0.7314910419522334
10	2402	0.7312046354597912
10	812	0.7292703516844546
10	2894	0.728299454769912
10	2102	0.7219539999990983
699	1994	1.1916269651591604
699	758	1.1898469169884978
699	1963	1.172831771796179
699	635	1.1694947796688482
699	4108	1.1653831940215722
699	2894	1.1586353993253475
699	8945	1.1564629856553112
699	2671	1.1556890981225088
699	4123	1.1540771449093823
699	11754	1.152748638917529
57	1994	0.9888042199343559
57	1963	0.9885979954982038
57	758	0.9879370584207586
57	4108	0.9662165940773955
57	4123	0.9642135089214168
57	823	0.9639762161765204
57	2894	0.9617573198802998
57	2402	0.9603586699593896
57	635	0.9554049324763549
57	8945	0.9540444027927235
1053	1994	0.8610691750073174
1053	758	0.8591322035617459
1053	1963	0.8472759052097185
1053	4108	0.8360929352989441
1053	635	0.8359411105202251
1053	2894	0.8301358556811878
1053	4123	0.8273078836807435
1053	8945	0.8264600364929546
1053	2671	0.8256172992739974
1053	11754	0.8229824655515882
2004	1994	0.7032756927523152
2004	758	0.7019252381633884
2004	1963	0.7003948628718714
2004	4108	0.6804873644992167
2004	4123	0.6771577977333505
2004	2894	0.6758443122521641
2004	2402	0.6731073920518919
2004	823	0.6724469235066876
2004	635	0.6715497211635963
2004	8945	0.6689454926561901
939	1963	0.91689130110287
939	1994	0.9166438852960543
939	758	0.9156188487308388
939	4108	0.8942495648464036
939	4123	0.8924843312868499
939	823	0.8921764927019794
939	2894	0.8899282577880636
939	2402	0.888711178651773
939	635	0.8829722462451376
939	8945	0.8820672281307128
547	1994	1.381853345395129
547	758	1.3804335169991637
547	1963	1.369352534882417
547	4108	1.356615423304585
547	635	1.3558414042639613
547	2894	1.3506428084383366
547	8945	1.3465264637938776
547	2671	1.3460758566022109
547	11754	1.3433566402670276
547	2402	1.3432543534359316
920	1994	1.20261351555417
920	758	1.2009648640153658
920	1963	1.1830063703220102
920	635	1.1809612589963923
920	4108	1.1760680782945716
920	2894	1.1691455981571282
920	8945	1.1672114511795342
920	2671	1.1665234904980055
920	4123	1.1643466602150652
920	11754	1.1635072024936566
1114	1994	1.0164400524621886
1114	758	1.014835084542779
1114	1963	1.0037373201745794
1114	4108	0.9913534916675321
1114	635	0.9906031177205411
1114	2894	0.9854219517062657
1114	4123	0.9831058126366572
1114	8945	0.9813822213123781
1114	2671	0.9808026383953822
1114	11754	0.97812398264072
371	1963	0.8202532651031935
371	1994	0.8162268987232917
371	758	0.8154757768790669
371	823	0.7989337219588366
371	4123	0.7946387289638828
371	4108	0.7945175513112265
371	2402	0.7912508621123958
371	2894	0.7906223954185476
371	812	0.786686711446623
371	2102	0.7831507760573164
780	1994	0.8453537891352958
780	758	0.8439174725048496
780	1963	0.8360171259566109
780	4108	0.8211647918914047
780	635	0.8175257451037338
780	2894	0.8156227332776991
780	4123	0.8145928749014091
780	8945	0.810666916646403
780	2671	0.8100315808897662
780	2402	0.8098104592106392
171	1994	1.1041539515986516
171	758	1.1029294871593818
171	1963	1.0977952859938451
171	4108	1.0802582327572172
171	4123	1.0751832592148676
171	2894	1.0750789829061356
171	635	1.0744620173581023
171	2402	1.0706595855889487
171	8945	1.0691478204501192
171	2671	1.0687904413512903
679	1994	1.1423269407414454
679	758	1.1411612789951824
679	1963	1.1367954701704033
679	4108	1.1186495163191101
679	4123	1.1139835823474624
679	2894	1.1135557605945763
679	635	1.1121521589801098
679	2402	1.1095572255892618
679	823	1.1076950662180365
679	8945	1.1074028054958622
1596	1994	1.221067657856593
1596	758	1.2194485375011803
1596	1963	1.200717148766682
1596	635	1.1998389223573123
1596	4108	1.1942272918626387
1596	2894	1.1871949277180158
1596	8945	1.185447017635125
1596	2671	1.1848385641399217
1596	4123	1.1821347366314119
1596	11754	1.181729244817424
540	1994	1.0554830972643252
540	758	1.0536767535915026
540	1963	1.0394698424747053
540	635	1.0316895790843021
540	4108	1.0299265646029783
540	2894	1.023588125133596
540	8945	1.0205898340846244
540	4123	1.0200175671281106
540	2671	1.019796854826266
540	11754	1.0170282868861802
533	1994	1.0371163105720878
533	758	1.03581167257965
533	1963	1.0264967621432701
533	4108	1.0124119743292819
533	635	1.010019696631145
533	2894	1.0066395836262259
533	4123	1.0051943534712895
533	8945	1.0020263376534821
533	2671	1.0015372112692718
533	2402	1.000210527846486
696	1963	0.9468390247576088
696	1994	0.9450959625747728
696	758	0.9442387121636977
696	823	0.9237040557143833
696	4108	0.922873102242585
696	4123	0.9218545384393559
696	2894	0.9187010016754147
696	2402	0.9182105616927564
696	812	0.9121310566510272
696	635	0.9104971018675663
913	1994	1.1502260052078574
913	758	1.1486125308315094
913	1963	1.1301856248045488
913	635	1.1288337149242267
913	4108	1.1235232516565514
913	2894	1.1165248692020904
913	8945	1.1147087095449142
913	2671	1.1140639631939104
913	4123	1.111581739902169
913	11754	1.1110016090158883
1617	1994	1.2323336000096936
1617	758	1.231141828607774
1617	1963	1.2254966031646124
1617	4108	1.2083226425872875
1617	2894	1.2030593066547244
1617	4123	1.2030071583403792
1617	635	1.2029204075084112
1617	2402	1.1984226879493738
1617	8945	1.1972803312923996
1617	2671	1.196921696006621
420	1963	0.7508054035005838
420	1994	0.7507021412450989
420	758	0.7495549293132304
420	4108	0.7284705811387638
420	4123	0.7266314482863077
420	823	0.7255030511340691
420	2894	0.7241686267670624
420	2402	0.7228887506674873
420	635	0.7171633580748756
420	8945	0.7163857028375674
1983	1994	0.7152069161716066
1983	758	0.7134149859074601
1983	1963	0.7077686698918153
1983	4108	0.6916217612898496
1983	2894	0.6865185759841643
1983	635	0.6862402664677358
1983	4123	0.6860251912814574
1983	2402	0.681524202969661
1983	8945	0.6809528062795348
1983	2671	0.6801851339114828
1368	1994	0.7432104477096421
1368	758	0.7414137079387026
1368	1963	0.7319818805056626
1368	4108	0.7189123722711273
1368	635	0.7165619054624408
1368	2894	0.7132488357271596
1368	4123	0.7114048947889408
1368	8945	0.7088771140696558
1368	2671	0.7079935393983463
1368	2402	0.706490582773327
1935	1994	1.0631367454496867
1935	758	1.061662698833409
1935	1963	1.0509321827021905
1935	4108	1.0381604685882326
1935	635	1.0370011464660251
1935	2894	1.0322365283035775
1935	4123	1.0301555676944316
1935	8945	1.028084361806155
1935	2671	1.0275153742394658
1935	2402	1.025017527691423
572	1994	0.7679798164821585
572	758	0.7663198337483443
572	1963	0.7593786757204906
572	4108	0.7440991368938306
572	635	0.7397319928245334
572	2894	0.7387607374012514
572	4123	0.7379057162836177
572	8945	0.7335695561960981
572	2402	0.7332543078995546
572	2671	0.7328352316137213
813	1994	1.272201673064112
813	758	1.2706109608320657
813	1963	1.2528032135478435
813	635	1.250403209107712
813	4108	1.2455857837214486
813	2894	1.238675540662275
813	8945	1.2366520915946602
813	2671	1.2360461773945506
813	4123	1.233969284329816
813	11754	1.2329978531753758
980	1994	1.2498819692900258
980	758	1.2484211821164852
980	1963	1.2362244101657855
980	635	1.2246420410102954
980	4108	1.2246303529234381
980	2894	1.2184814803976094
980	4123	1.215889732302374
980	8945	1.214789410780188
980	2671	1.2141833581147017
980	11754	1.2115018673907672
897	1994	1.174917741449473
897	758	1.1730825759730392
897	1963	1.1550587161119477
897	635	1.1534478106281492
897	4108	1.1485350904133618
897	2894	1.1416502457946631
897	8945	1.1398194095444663
897	2671	1.1389711177978543
897	4123	1.136693541272609
897	11754	1.1360085928684054
1050	1994	1.253705438859306
1050	758	1.2522148429828828
1050	1963	1.2427501304069564
1050	4108	1.2290017188012663
1050	635	1.226805161119271
1050	2894	1.2232693808598945
1050	4123	1.2216283825509684
1050	8945	1.2187332675905873
1050	2671	1.2181723781945184
1050	11754	1.2156070052903158
23	1994	1.325676947008032
23	758	1.3238853456213708
23	1963	1.3081864159103658
23	635	1.3027301360077428
23	4108	1.2996630586779556
23	2894	1.2931194441262395
23	8945	1.2905284278878726
23	2671	1.289795511955222
23	4123	1.2890196062109098
23	11754	1.286897010010527
1098	1994	1.067312605412811
1098	758	1.0656141642755899
1098	1963	1.0565166917484907
1098	4108	1.0429433932315169
1098	635	1.0403636513401797
1098	2894	1.0373103184575962
1098	4123	1.0356546464082335
1098	8945	1.0327757934536876
1098	2671	1.0320061457099792
1098	2402	1.0307503779109062
1054	1994	1.060816065449424
1054	758	1.0592392981317391
1054	1963	1.0445067151413903
1054	635	1.0371864035328475
1054	4108	1.0350422459642403
1054	2894	1.0285593939486968
1054	8945	1.0256612788490929
1054	2671	1.0249820259306393
1054	4123	1.0249730114425712
1054	11754	1.0221700048928442
1742	1994	0.9971613935051848
1742	758	0.9955423354831239
1742	1963	0.9852978425696697
1742	4108	0.972454245296669
1742	635	0.9708669583233901
1742	2894	0.9666309027008968
1742	4123	0.9646203910655917
1742	8945	0.9624025590668501
1742	2671	0.961709802979327
1742	2402	0.9595706991143772
659	1994	0.9830997675776142
659	758	0.9815673695587023
659	1963	0.9764593305242858
659	4108	0.9595680298147173
659	2894	0.954461950301029
659	4123	0.954359004400773
659	635	0.9536410238293445
659	2402	0.9499054601748044
659	8945	0.9486842718659609
659	2671	0.9480222528997873
126	1963	0.9341117456544583
126	1994	0.9339284404891807
126	758	0.9326465694846007
126	4108	0.9115969042996027
126	4123	0.9098151246774746
126	823	0.908755850912913
126	2894	0.9073881527452139
126	2402	0.9060700781007559
126	635	0.900293216409682
126	8945	0.8995007598352625
1520	1994	1.033563558554324
1520	758	1.032274162468923
1520	1963	1.022693240946202
1520	4108	1.008794520074808
1520	635	1.0066267505109683
1520	2894	1.0029775486315922
1520	4123	1.0014480132617603
1520	8945	0.9984403314733417
1520	2671	0.997961037186113
1520	2402	0.9964333357636607
1490	1994	1.2785081477334326
1490	758	1.2769361017052236
1490	1963	1.2651404517839797
1490	4108	1.2533975926679308
1490	635	1.253093240248489
1490	2894	1.2473416359541734
1490	4123	1.244810231753452
1490	8945	1.2435590540818238
1490	2671	1.242892048378291
1490	11754	1.2402425417805136
1964	1994	0.9344493006235375
1964	758	0.9331761003870317
1964	1963	0.9302937743261163
1964	4108	0.9111121247296605
1964	4123	0.9071490790065928
1964	2894	0.9062732894472117
1964	635	0.9034265576549866
1964	2402	0.9028951059654908
1964	823	0.9019278277899104
1964	8945	0.8996875128867715
378	1994	0.7825128926021807
378	758	0.7810102639484888
378	1963	0.778960123049947
378	4108	0.7596124649225051
378	4123	0.7559585464448442
378	2894	0.7549478490791153
378	2402	0.7518481881776653
378	635	0.7511725031766943
378	823	0.7502115598001398
378	8945	0.7482246103469407
1293	1994	1.2929562248852717
1293	758	1.2913488460850022
1293	1963	1.2825291874617146
1293	4108	1.2683153713309967
1293	635	1.265712068479542
1293	2894	1.2627243696468096
1293	4123	1.2612190442238222
1293	8945	1.2579750413060777
1293	2671	1.2574425187993397
1293	2402	1.2562850912642274
1790	1994	1.4369206749508483
1790	758	1.435414842116462
1790	1963	1.4220279843091115
1790	635	1.41238232179727
1790	4108	1.4112146671260717
1790	2894	1.404927134887374
1790	4123	1.4018633765924409
1790	8945	1.4015308176748391
1790	2671	1.401025162972077
1790	11754	1.3981888762821866
1091	1994	0.9339226224325325
1091	758	0.9325677688321271
1091	1963	0.9308813112676887
1091	4108	0.9111060379819887
1091	4123	0.9076985512952276
1091	2894	0.9064424982738046
1091	2402	0.9036297425351888
1091	823	0.9028216137270332
1091	635	0.9022811336306187
1091	8945	0.8995952667351443
100	1994	1.1462146089194576
100	758	1.144700181924056
100	1963	1.1283401277250193
100	635	1.123503565254
100	4108	1.1199318280988517
100	2894	1.1132049029687456
100	8945	1.1107393898256244
100	2671	1.1101577278840162
100	4123	1.1090759000933932
100	11754	1.1072002440100994
990	1994	1.1465975173364276
990	758	1.145411466746431
990	1963	1.1381606474378907
990	4108	1.1222728554313328
990	635	1.118171166161795
990	2894	1.1167678128329055
990	4123	1.1161479314939724
990	8945	1.111488826202226
990	2402	1.1113871815387384
990	2671	1.1110967409969323
471	1994	0.9365076904395537
471	758	0.9349014223810237
471	1963	0.9233485597013897
471	4108	0.9115442635767605
471	635	0.9109908151472401
471	2894	0.905525425489333
471	4123	0.9030595251248468
471	8945	0.9017061325060532
471	2671	0.9009758551870544
471	11754	0.8983762186473069
1192	1994	1.0050605846411416
1192	758	1.0034095686882245
1192	1963	0.9932316674094059
1192	4108	0.9802553774320242
1192	635	0.9787066715494789
1192	2894	0.9744667985544075
1192	4123	0.9724486109410557
1192	8945	0.9701817901773471
1192	2671	0.9695468080870239
1192	2402	0.9673850007357526
1009	1994	1.1870129163296521
1009	758	1.1854045804613247
1009	1963	1.1673218042128441
1009	635	1.1653960177769325
1009	4108	1.160364808588678
1009	2894	1.1534182099538972
1009	8945	1.15149041317443
1009	2671	1.150858810796528
1009	4123	1.148601468169271
1009	11754	1.1478071004921233
1564	1994	0.957767624118026
1564	758	0.9559992808652871
1564	1963	0.9441327458989193
1564	4108	0.93273987850828
1564	635	0.9325556194930333
1564	2894	0.9267254514842741
1564	4123	0.9240210761501566
1564	8945	0.9230160961348057
1564	2671	0.9222545247509284
1564	11754	0.9196151348790486
1670	1994	1.1341434970330686
1670	758	1.1328062949392557
1670	1963	1.1222244055311903
1670	4108	1.1091366470917527
1670	635	1.107826180029034
1670	2894	1.1031929384496506
1670	4123	1.1012681724078714
1670	8945	1.0989588846079146
1670	2671	1.0984650656086405
1670	2402	1.0961345442862918
1495	1994	0.9692741766093826
1495	758	0.9677420544376059
1495	1963	0.9542635270570821
1495	635	0.9448625114354099
1495	4108	0.9437843587166616
1495	2894	0.9374682928176918
1495	4123	0.9343653396496909
1495	8945	0.9341880066802445
1495	2671	0.9335262014337802
1495	11754	0.9307885330465078
1472	1994	1.0573317253374401
1472	758	1.0558815661114762
1472	1963	1.0492543319056167
1472	4108	1.033282315974198
1472	635	1.028702363222118
1472	2894	1.0279466095122485
1472	4123	1.0273526845124257
1472	2402	1.02269023648567
1472	8945	1.0225556226581032
1472	2671	1.0220140275595984
1624	1963	1.1118604181322294
1624	1994	1.11075355534284
1624	758	1.1098157818393206
1624	4108	1.0885424589737116
1624	823	1.087934199409939
1624	4123	1.0872032018978146
1624	2894	1.0843025128518404
1624	2402	1.0835206343544295
1624	635	1.0765686520912487
1624	812	1.0762695945289693
1917	1994	0.9868385140446128
1917	758	0.9853167845104785
1917	1963	0.9817223069367325
1917	4108	0.9636233934653179
1917	4123	0.9591800172131084
1917	2894	0.9587346604839229
1917	635	0.956459540825668
1917	2402	0.9548979497412473
1917	8945	0.9524896836786703
1917	2671	0.9518583394119042
2083	1994	1.21208745620601
2083	758	1.2103571125985153
2083	1963	1.19575357115752
2083	635	1.1884241962710211
2083	4108	1.186169677185911
2083	2894	1.179777269277327
2083	8945	1.1767931978908703
2083	2671	1.1761853949566243
2083	4123	1.1761068643196055
2083	11754	1.1732829239091669
2037	1994	1.0223605862398812
2037	758	1.0208835849927114
2037	1963	1.014416014232293
2037	4108	0.9983915819737965
2037	635	0.9936728142959601
2037	2894	0.9930802789834756
2037	4123	0.9925253513694956
2037	2402	0.9878910582086452
2037	8945	0.9876580640150026
2037	2671	0.9870909118472213
446	1994	0.8564526629259097
446	758	0.854856750551396
446	1963	0.8468279776186604
446	4108	0.8322294898122325
446	635	0.8287925661781269
446	2894	0.8267239596650546
446	4123	0.8255236230307567
446	8945	0.8218206502960488
446	2671	0.8211502111401805
446	2402	0.8207267044479969
807	1963	0.7082298149290777
807	1994	0.703195913702379
807	758	0.702367777663819
807	823	0.6872422907462069
807	4123	0.6825280402876026
807	4108	0.6819020302530514
807	2402	0.6792979619973507
807	2894	0.6781731228679566
807	812	0.6743001699317204
807	2102	0.6698341909141756
605	1994	0.9871707867221269
605	758	0.9856326640990782
605	1963	0.974845530840794
605	4108	0.9622858021653019
605	635	0.9611256936005015
605	2894	0.9563653466607825
605	4123	0.9542210615441254
605	8945	0.9522748581226568
605	2671	0.9516220995410964
605	2402	0.9490955676361713
2077	1994	1.075099292503079
2077	758	1.0732299608772111
2077	1963	1.0563340317337382
2077	635	1.0529432997420929
2077	4108	1.0488488677160348
2077	2894	1.0421523244723743
2077	8945	1.0399400536324044
2077	2671	1.0391692903903875
2077	4123	1.0375644681582095
2077	11754	1.0362076387381707
1745	1994	1.2514873775636575
1745	758	1.2500062300843793
1745	1963	1.2374171565048204
1745	635	1.226498356159966
1745	4108	1.2261565331646271
1745	2894	1.21995663585296
1745	4123	1.2172092367173777
1745	8945	1.2163881938764647
1745	2671	1.2157692899750872
1745	11754	1.2130679866565284
303	1994	1.1223439306885465
303	758	1.1208761184896
303	1963	1.111044564469136
303	4108	1.0974847795644893
303	635	1.0956366820586574
303	2894	1.09169909642925
303	4123	1.0899397269114666
303	8945	1.087244860535309
303	2671	1.0867337255803515
303	2402	1.0848895536793046
1506	1994	1.0095453821592306
1506	758	1.0078352010703289
1506	1963	0.9939581979699343
1506	635	0.9854828901890158
1506	4108	0.9840400775561355
1506	2894	0.9777216040609353
1506	8945	0.9746074501384274
1506	4123	0.974342524238201
1506	2671	0.9738477050049843
1506	11754	0.9711011846641895
479	1994	0.8988039046707084
479	758	0.8966851398779685
479	1963	0.8870909567239494
479	4108	0.874069361146365
479	635	0.8723610865720608
479	2894	0.8685266677111576
479	4123	0.8663510961342988
479	8945	0.8640869947873113
479	2671	0.8633921282265832
479	2402	0.861348842086419
2056	1994	1.3870007365634285
2056	758	1.385715035213765
2056	1963	1.3803108790382546
2056	4108	1.36309891988474
2056	2894	1.3578956130099513
2056	4123	1.357860019064424
2056	635	1.3575135444829964
2056	2402	1.3533148903784267
2056	8945	1.3520721916852922
2056	2671	1.3516615303996107
474	1994	0.8629083481371593
474	1963	0.8623867448309515
474	758	0.8618294983233965
474	4108	0.8403106713530013
474	4123	0.8381632847616326
474	823	0.8370552240856858
474	2894	0.835907951948024
474	2402	0.8343003317471093
474	635	0.8296928405626882
474	8945	0.8282521802014756
312	1994	1.2136214367419482
312	758	1.211962104230531
312	1963	1.1937035555502415
312	635	1.1921572926325652
312	4108	1.187011351159044
312	2894	1.180048606871223
312	8945	1.1782070727687692
312	2671	1.1775129680687362
312	4123	1.1751341720486055
312	11754	1.174480340638265
698	1994	1.0551309219540506
698	758	1.053825630273727
698	1963	1.0497616422206901
698	4108	1.0315134582770906
698	4123	1.0269422325728406
698	2894	1.0265145153946837
698	635	1.0248366745539514
698	2402	1.022548870790114
698	823	1.0204896466909958
698	8945	1.02028306471794
444	1963	0.7361960556142694
444	1994	0.7239553357480595
444	758	0.723460558786934
444	823	0.7212536106425995
444	4123	0.7082667508200109
444	812	0.7065585595104578
444	2402	0.7057970978339922
444	4108	0.7040292723808397
444	289	0.7016572032885243
444	2894	0.7012038278314949
777	1994	1.0506419461880072
777	758	1.0491421498518219
777	1963	1.0360748180289492
777	635	1.0259551038274841
777	4108	1.0252130674260636
777	2894	1.0189490302745448
777	4123	1.0160165374993324
777	8945	1.015530148700832
777	2671	1.0148980233752654
777	11754	1.0121726853601136
1563	1994	1.1690242594124811
1563	758	1.1679437241590203
1563	1963	1.162904416602709
1563	4108	1.145141812469613
1563	4123	1.1401773178073993
1563	2894	1.1399274207444576
1563	635	1.1391913773873847
1563	2402	1.1356620134981594
1563	8945	1.1339504088984296
1563	823	1.1336474090782702
1237	1994	1.211920955032571
1237	758	1.2108918955687245
1237	1963	1.2098213111006129
1237	4108	1.1888281903050062
1237	4123	1.1858888581806555
1237	2894	1.18418465507049
1237	823	1.183646123673361
1237	2402	1.1818131013071431
1237	635	1.179630037731407
1237	8945	1.1769685020723628
911	1994	0.846703466629044
911	758	0.8453863652677995
911	1963	0.8445261159906456
911	4108	0.8239108676397595
911	4123	0.8209391081456909
911	2894	0.8193687206400795
911	823	0.8173391047897871
911	2402	0.816937499436573
911	635	0.8145175564648549
911	8945	0.8122079558342429
1178	1994	0.8940395405891506
1178	758	0.8924694344115544
1178	1963	0.8863532150305956
1178	4108	0.8702509485580738
1178	635	0.8652160652895873
1178	2894	0.8650125537977982
1178	4123	0.8645168760191873
1178	2402	0.859942668260649
1178	8945	0.8595303629584462
1178	2671	0.8588787915746259
1906	1994	1.044727119161489
1906	758	1.0424380083775249
1906	1963	1.0271868836438913
1906	635	1.0218387858854987
1906	4108	1.0189029199896293
1906	2894	1.0125780163637437
1906	8945	1.0099291418358456
1906	2671	1.009041171956154
1906	4123	1.0082573307451361
1906	11754	1.0061369526556327
1921	1994	0.9062118345611286
1921	758	0.9047955455353832
1921	1963	0.8999011146816633
1921	4108	0.8826451786467293
1921	4123	0.8775970637435692
1921	2894	0.877538601484625
1921	635	0.8765409768809495
1921	2402	0.8731524317141783
1921	8945	0.8716544567999671
1921	2671	0.8710753473604105
1832	1994	1.1783529224244438
1832	758	1.1767556326581332
1832	1963	1.1585893837818875
1832	635	1.1567933394240835
1832	4108	1.1517130326231273
1832	2894	1.144746403029218
1832	8945	1.1428516749725106
1832	2671	1.14220907675332
1832	4123	1.1399097388642079
1832	11754	1.139165085085998
187	1994	1.0443386148722789
187	758	1.0432841936201582
187	1963	1.0399556684151894
187	4108	1.020887576036483
187	4123	1.0167938113694743
187	2894	1.0159086718844665
187	635	1.0134660867402556
187	2402	1.0124848107130746
187	823	1.0119272330748275
187	8945	1.0094300628515336
1446	1994	1.1802633628938015
1446	758	1.1790877271538014
1446	1963	1.1725427890231752
1446	4108	1.1560567797411618
1446	635	1.1514054354302048
1446	2894	1.1506533434069146
1446	4123	1.1502909589545016
1446	2402	1.1456055554029305
1446	8945	1.1451443137579025
1446	2671	1.144790585376018
406	1994	1.2035938547809935
406	758	1.2020953572594464
406	1963	1.1883123805060216
406	635	1.179322971838915
406	4108	1.1779479781863902
406	2894	1.1715854248092343
406	4123	1.1683948163274909
406	8945	1.1683623355146735
406	2671	1.167760200540287
406	11754	1.1649714728735352
1936	1994	0.8587816235660017
1936	758	0.857367667864067
1936	1963	0.8479312851423276
1936	4108	0.834211877928946
1936	635	0.8318635467366188
1936	2894	0.8284419628232903
1936	4123	0.8268776224799694
1936	8945	0.823934261530224
1936	2671	0.8233187570695326
1936	2402	0.8219109588752544
380	1994	0.9748871719942473
380	758	0.9732372626314789
380	1963	0.9641926334461763
380	4108	0.950499966796357
380	635	0.9478859527866939
380	2894	0.9448579323362287
380	4123	0.9432565973368406
380	8945	0.9402898361521568
380	2671	0.9395596385565081
380	2402	0.9383541388316152
228	1994	1.3176675889962144
228	758	1.3165956561802037
228	1963	1.3138331977960396
228	4108	1.294322600038586
228	4123	1.2905098331109048
228	2894	1.289435870093633
228	635	1.2864444418835046
228	2402	1.2862610592310924
228	823	1.2861955188757164
228	8945	1.2827820668093433
580	1994	1.3099203550764067
580	758	1.3085682312431342
580	1963	1.2990204664826617
580	4108	1.2851818281241016
580	635	1.2830004928545966
580	2894	1.2793888970142906
580	4123	1.2778244349666656
580	8945	1.2748566023173014
580	2671	1.2743460888288847
580	2402	1.2728178408859387
128	1994	1.1842586661574241
128	758	1.1826294623256293
128	1963	1.1649880786634033
128	635	1.1623984285780156
128	4108	1.1577655495984764
128	2894	1.1508845755377903
128	8945	1.1488460389448596
128	2671	1.1481762001257354
128	4123	1.1462131444740793
128	11754	1.1451711530897928
1729	1994	1.0194405316470176
1729	758	1.01824280162045
1729	1963	1.0167111701545961
1729	4108	0.9964633790931594
1729	4123	0.9932130687506362
1729	2894	0.9917910020385133
1729	823	0.9894660167595677
1729	2402	0.989123899515072
1729	635	0.9875603686915695
1729	8945	0.9848122106480444
1845	1994	0.9661418804700991
1845	758	0.9646611886438405
1845	1963	0.9537215390140014
1845	4108	0.9411285151528876
1845	635	0.9401454450770302
1845	2894	0.9351742619820875
1845	4123	0.9330134957328381
1845	8945	0.931088562357227
1845	2671	0.9305143045931228
1845	11754	0.9278777968781051
909	1994	0.8363551903426574
909	758	0.8348239565348554
909	1963	0.8299962672370849
909	4108	0.8126772803756741
909	2894	0.8076310017743165
909	4123	0.8076158984367569
909	635	0.8066888514555594
909	2402	0.8031576824879771
909	8945	0.8016910164173621
909	2671	0.8011701237936737
1929	1994	1.3507759302252211
1929	758	1.3491440527101481
1929	1963	1.3322247907727247
1929	635	1.3284553227415132
1929	4108	1.324352708462114
1929	2894	1.3175884704514778
1929	8945	1.3152993920881801
1929	2671	1.3146891329135046
1929	4123	1.3131675917112107
1929	11754	1.3116818628363829
1135	1994	0.7414276008798486
1135	758	0.7395926763433065
1135	1963	0.7326066700125611
1135	4108	0.7175744429196581
1135	635	0.7133119062140197
1135	2894	0.7122858198302797
1135	4123	0.7112813577996352
1135	8945	0.7071393403935171
1135	2402	0.7066326849795144
1135	2671	0.7063377097957538
864	1994	0.9621539080193469
864	758	0.9604192745935491
864	1963	0.9492365459056002
864	4108	0.9370895048447915
864	635	0.9364601842408442
864	2894	0.9311835890448638
864	4123	0.928738655738963
864	8945	0.9271959846451276
864	2671	0.9265642946835246
864	11754	0.9238810629986988
69	1994	1.250136478160562
69	758	1.248770623127975
69	1963	1.2386758785817558
69	4108	1.225206564244646
69	635	1.2235354216524064
69	2894	1.2193467297251055
69	4123	1.2175717902715824
69	8945	1.2149565142629148
69	2671	1.2144804061948646
69	2402	1.2124890124945769
514	1994	0.8629684823323763
514	758	0.861370167205442
514	1963	0.8527074363755973
514	4108	0.8386604251028276
514	635	0.8357178713454964
514	2894	0.8330551135829516
514	4123	0.8316292280020956
514	8945	0.828362775157116
514	2671	0.8276582865899842
514	2402	0.8267707370926827
804	1994	1.0526874457533435
804	758	1.0510722599472246
804	1963	1.0356213495271218
804	635	1.0295143072351371
804	4108	1.0267575476297837
804	2894	1.020182908939384
804	8945	1.017507388562132
804	2671	1.0168107764749665
804	4123	1.016310051387039
804	11754	1.0139575387435045
1443	1994	1.3393181822224178
1443	758	1.3376696440450366
1443	1963	1.3193467621218455
1443	635	1.3178615788711707
1443	4108	1.31257824864345
1443	2894	1.3056148294316077
1443	8945	1.3037497389724375
1443	2671	1.3031312058757973
1443	4123	1.3006782037747806
1443	11754	1.3000440775870519
1593	1994	1.000880986596043
1593	758	0.9991651136609689
1593	1963	0.9845570839564871
1593	635	0.9772727627418571
1593	4108	0.9752127467094763
1593	2894	0.9687876232869126
1593	8945	0.9658938113094142
1593	4123	0.9651424556910492
1593	2671	0.9651329300686292
1593	11754	0.9623448320684079
94	1994	0.9906081698437414
94	758	0.9890686567530709
94	1963	0.9775757822369884
94	4108	0.9654715431970865
94	635	0.9649697239946015
94	2894	0.9594587386467902
94	4123	0.9570549012709104
94	8945	0.9555475179901551
94	2671	0.9549492615070577
94	11754	0.9522778377192946
1329	1994	1.066228643703698
1329	758	1.064957423159011
1329	1963	1.0605101039554552
1329	4108	1.0427037129305028
1329	4123	1.0379456035033958
1329	2894	1.037618344650481
1329	635	1.0361949294892718
1329	2402	1.033541160863487
1329	8945	1.0315634493546386
1329	2671	1.0310604048024037
212	1994	1.1431322489058
212	758	1.1414848633310273
212	1963	1.1297377770298767
212	4108	1.1182172214144734
212	635	1.1177817261040977
212	2894	1.1121741110956198
212	4123	1.109612033095492
212	8945	1.1084503382276298
212	2671	1.1076531789943858
212	11754	1.1050785452436636
1176	1994	1.1662790932538685
1176	758	1.1648827026179358
1176	1963	1.150845087821786
1176	635	1.1420614074977413
1176	4108	1.1403878565749819
1176	2894	1.133973032747385
1176	4123	1.1307588428156563
1176	8945	1.1307483575730803
1176	2671	1.1302883502391543
1176	11754	1.1274137617995432
1023	1994	0.8551848633691672
1023	758	0.8541027315782782
1023	1963	0.8514994688144507
1023	4108	0.8321325790279293
1023	4123	0.8283788940385433
1023	2894	0.8272425052243793
1023	2402	0.8241988797499873
1023	635	0.8239583884776304
1023	823	0.823601446799069
1023	8945	0.8206319221406727
959	1994	0.9466276467907507
959	758	0.9454645587343351
959	1963	0.9450837257836187
959	4108	0.9238429619870538
959	4123	0.9211874961183004
959	2894	0.9193311552816996
959	823	0.9188237300081995
959	2402	0.9172200884975863
959	635	0.9140251272820495
959	8945	0.9119764047478593
848	1994	1.2983724732108817
848	758	1.2970978605386647
848	1963	1.2890691452674177
848	4108	1.2738975785132265
848	635	1.270461087543032
848	2894	1.268308787727314
848	4123	1.2673441243398926
848	8945	1.2632835905093596
848	2671	1.2628438139573133
848	11754	1.260341023981259
1340	1994	1.1886568951069885
1340	758	1.1875541233246407
1340	1963	1.1829884148801562
1340	4108	1.1648386359519418
1340	4123	1.1601076542933042
1340	2894	1.159707498878961
1340	635	1.158527418386165
1340	2402	1.155638158680613
1340	823	1.1540644169170384
1340	8945	1.1535760653957792
242	1994	0.7909885121562288
242	1963	0.7907562027432681
242	758	0.7898422784417646
242	4108	0.7686395953015244
242	4123	0.7666327537333353
242	823	0.765265849777415
242	2894	0.7642922973080158
242	2402	0.7628436852702627
242	635	0.7576456979985041
242	8945	0.7565954990274111
507	1994	1.3623099243894696
507	758	1.3608435996279757
507	1963	1.3505545875249678
507	4108	1.3373823343909033
507	635	1.3358935076135854
507	2894	1.3315241817767356
507	4123	1.3296043676311227
507	8945	1.3272193139320057
507	2671	1.3266884993806844
507	2402	1.3245082733217823
390	1994	0.9559229713764015
390	758	0.9542369066108544
390	1963	0.9459078624731821
390	4108	0.9316511826985153
390	635	0.9285209399145449
390	2894	0.9261254746946438
390	4123	0.9247486868612383
390	8945	0.9213256367904167
390	2671	0.9206330457715777
390	2402	0.919923306134493
1637	1994	1.1837077177205368
1637	758	1.1820753074986396
1637	1963	1.1644588989034843
1637	635	1.1618367132639114
1637	4108	1.1572287693160017
1637	2894	1.1503515850638864
1637	8945	1.1483088696649957
1637	2671	1.147633284883069
1637	4123	1.145687067163516
1637	11754	1.1446329438095906
1055	1994	0.8202373564003118
1055	758	0.8190610992859203
1055	1963	0.8172171111612521
1055	4108	0.7973512650768193
1055	4123	0.7939421974607603
1055	2894	0.7926066810906723
1055	2402	0.7898484074503612
1055	823	0.7896007605625462
1055	635	0.7885891159231396
1055	8945	0.7857761801978662
1216	1994	0.8900366543558826
1216	758	0.8887238878995053
1216	1963	0.8854289263711304
1216	4108	0.8667934688821828
1216	4123	0.8625983987913493
1216	2894	0.8618895948914639
1216	635	0.8593265639784519
1216	2402	0.8583309797919502
1216	823	0.8564338600580271
1216	8945	0.8555003973865802
277	1994	1.0300294403676367
277	758	1.0284293213044307
277	1963	1.016148717286296
277	635	1.0049503948889398
277	4108	1.0048948090672924
277	2894	0.998767996836958
277	4123	0.996045977485415
277	8945	0.9951644270000611
277	2671	0.9944380599322051
277	11754	0.9917957031087846
627	1994	1.131648251122911
627	758	1.1302688872534672
627	1963	1.120032732951691
627	4108	1.1067594258743623
627	635	1.1051551066996341
627	2894	1.1008765226796473
627	4123	1.099045011602817
627	8945	1.0965569713233796
627	2671	1.0960294774859318
627	2402	1.0939591470950831
1179	1994	1.0162919970350655
1179	758	1.014750486012926
1179	1963	1.002826100323065
1179	4108	0.9911117662378416
1179	635	0.9909460668745362
1179	2894	0.9850271367502439
1179	4123	0.9824701980240769
1179	8945	0.9812631512280061
1179	2671	0.9806391811717768
1179	11754	0.9779644112411041
348	1994	1.4577892499805292
348	758	1.4561787317238957
348	1963	1.4377489846575433
348	635	1.4363606602021257
348	4108	1.4309740258675634
348	2894	1.4239868482045759
348	8945	1.4221318176052957
348	2671	1.4215531087230233
348	4123	1.4190391975689445
348	11754	1.4184423506225523
482	1994	1.175478123895345
482	758	1.1741285187256518
482	1963	1.1628147349542657
482	4108	1.1502741088235506
482	635	1.1496051518839234
482	2894	1.144231122447373
482	4123	1.1420327480618748
482	8945	1.1402070392019124
482	2671	1.1397278356955178
482	11754	1.1370403609470094
1025	1994	0.9177881151140145
1025	758	0.9162548946692717
1025	1963	0.9131431813015367
1025	4108	0.8946356814284502
1025	4123	0.8904361464138815
1025	2894	0.8898296431155684
1025	635	0.8870984486164799
1025	2402	0.8862000662308218
1025	823	0.8835766268218387
1025	8945	0.8834257221487439
1672	1994	1.2201955861046168
1672	758	1.2185679224928205
1672	1963	1.201335812459922
1672	635	1.198078585243259
1672	4108	1.1937590201092836
1672	2894	1.1869410659760795
1672	8945	1.1847661211575435
1672	2671	1.184121193618749
1672	4123	1.182414936130579
1672	11754	1.1811225434901838
641	1994	1.2444917534982136
641	758	1.2430863329741342
641	1963	1.2368012294139676
641	4108	1.2203410441984257
641	635	1.2155833675989327
641	2894	1.2150576128413795
641	4123	1.2146111539704891
641	2402	1.2099545773184919
641	8945	1.2094945232435823
641	2671	1.2090765517587023
2042	1994	0.9860853721410625
2042	758	0.9847745758091739
2042	1963	0.9801902857749826
2042	4108	0.96235054443901
2042	4123	0.9575144005191905
2042	2894	0.957277876766681
2042	635	0.9561130090457229
2042	2402	0.9530613233137315
2042	8945	0.9512034190446826
2042	2671	0.9508021243232648
1220	1994	1.4289784913854617
1220	758	1.4272965092064438
1220	1963	1.4087054130215946
1220	635	1.407694833769664
1220	4108	1.4021194016033203
1220	2894	1.3951328050371632
1220	8945	1.3933298097602842
1220	2671	1.392742517041085
1220	4123	1.3900707785030777
1220	11754	1.3896086773971914
525	1994	1.042813774341992
525	758	1.0414298383007454
525	1963	1.0306139235012082
525	4108	1.0178127457938988
525	635	1.016680706401898
525	2894	1.0118446775524539
525	4123	1.0098031509772276
525	8945	1.0077067352614553
525	2671	1.007164799572758
525	2402	1.0046538388345059
441	1994	1.0105383788391897
441	758	1.0094809837826904
441	1963	1.0061701903853275
441	4108	0.987122672453763
441	4123	0.9830345980769477
441	2894	0.9821438303841872
441	635	0.9796670948363034
441	2402	0.9787337892038852
441	823	0.9781037818515457
441	8945	0.9756711849626938
567	1994	0.9981164737027899
567	758	0.9967992636487644
567	1963	0.9873817607717906
567	4108	0.9734227909208082
567	635	0.9711046413669315
567	2894	0.9676352505983996
567	4123	0.9661449857100778
567	8945	0.9630655496874434
567	2671	0.9625556813999644
567	2402	0.9611564408512827
1035	1963	0.6786302130315437
1035	1994	0.6770472470710738
1035	758	0.6760759229419171
1035	4108	0.6550843832545135
1035	823	0.6547965656394514
1035	4123	0.6539802421796592
1035	2894	0.6509157927875961
1035	2402	0.650382177219717
1035	812	0.6427300515016283
1035	8945	0.6427139325865107
1545	1994	1.1130805947836824
1545	758	1.1113186858240454
1545	1963	1.096037696754109
1545	635	1.0899188859009246
1545	4108	1.0873064925815228
1545	2894	1.0807951135998821
1545	8945	1.0781254293297424
1545	2671	1.0773215145999067
1545	4123	1.0768754358440493
1545	11754	1.074511270945447
88	1994	0.9332536662050308
88	758	0.9315306057573469
88	1963	0.9213918073131091
88	4108	0.9086352791531871
88	635	0.9069464597392349
88	2894	0.90286040871283
88	4123	0.9008120143520222
88	8945	0.8986368541564566
88	2671	0.8978655716995448
88	2402	0.8957848004422632
634	1994	1.0734624144103113
634	758	1.0717121547329764
634	1963	1.060625436307551
634	4108	1.0485336386492898
634	635	1.0477364321716782
634	2894	1.0426368314765717
634	4123	1.0402217380341348
634	8945	1.0386645457370691
634	2671	1.0379519641139003
634	11754	1.0353255261580387
70	1994	0.8689918002769668
70	758	0.8677502548084621
70	1963	0.8628873521120789
70	4108	0.8452740028360444
70	4123	0.840325532077
70	2894	0.8401300796957557
70	635	0.8391632246939145
70	2402	0.8358538924386507
70	8945	0.8341624056345927
70	2671	0.8337229185707757
1049	1994	1.003315067399914
1049	758	1.0016352344038661
1049	1963	0.9904268067873275
1049	4108	0.9783858912651865
1049	635	0.9776175971583978
1049	2894	0.9724472754557933
1049	4123	0.9700451881356387
1049	8945	0.9685161329395829
1049	2671	0.9677954995379585
1049	11754	0.9651862511262452
226	1994	0.9280729858922437
226	758	0.9262603886451796
226	1963	0.9173815904812189
226	4108	0.9036500771959177
226	635	0.9010633142729614
226	2894	0.8980917493260565
226	4123	0.8964183524138438
226	8945	0.8934608921249871
226	2671	0.8927490632398992
226	2402	0.8915247090645334
396	1994	1.1360885213174845
396	758	1.134551407463197
396	1963	1.1191012571882433
396	635	1.1128631694022901
396	4108	1.110103330202266
396	2894	1.1035066457912261
396	8945	1.1008024051220626
396	2671	1.100162723515353
396	4123	1.0996911915055894
396	11754	1.09729337209734
1919	1994	1.1412190212629245
1919	758	1.1397140248460473
1919	1963	1.1282306859075086
1919	4108	1.1160241384565075
1919	635	1.1155436525045164
1919	2894	1.1100058349618036
1919	4123	1.1076289439696017
1919	8945	1.1060659359167968
1919	2671	1.105516200057397
1919	11754	1.1028217526832735
155	1994	0.8675623140085997
155	758	0.8663085927663084
155	1963	0.8607088867385767
155	4108	0.8438047560590385
155	2894	0.838543140302669
155	4123	0.8384730760779878
155	635	0.838222109581427
155	2402	0.8339400874160439
155	8945	0.8328436705131909
155	2671	0.8323214629198745
463	1963	0.7199221431049279
463	1994	0.7067509187787232
463	758	0.7063350327992941
463	823	0.7059462359421558
463	289	0.6961781664659472
463	4123	0.6916108904063869
463	812	0.69120136511809
463	2402	0.6892186552137651
463	4108	0.6869053264291952
463	2894	0.684188760742182
2001	1994	0.8877207929948513
2001	758	0.8864360647687833
2001	1963	0.8830829203215658
2001	4108	0.8644111569960125
2001	4123	0.8602018980230585
2001	2894	0.8594953185381407
2001	635	0.8570151834322883
2001	2402	0.8559174545192235
2001	823	0.8541949656066151
2001	8945	0.8531019329133307
166	1994	1.05391567226804
166	758	1.0525776392568815
166	1963	1.0433517881416707
166	4108	1.029274767909452
166	635	1.026794941698625
166	2894	1.0235220016288837
166	4123	1.0220853954518438
166	8945	1.0189008292074524
166	2671	1.0183772879829804
166	2402	1.0171201653319686
190	1963	0.7402495149967298
190	1994	0.7280493177019969
190	758	0.7272864604254525
190	823	0.7246688690784886
190	4123	0.7124247864341168
190	2402	0.7099857510163813
190	812	0.7096362784073582
190	4108	0.7081892065943995
190	2894	0.7054873731652122
190	2102	0.6996398057754963
405	1994	1.09705776263754
405	758	1.0953191735074737
405	1963	1.0850256386478772
405	4108	1.0724058625929307
405	635	1.0708756621725424
405	2894	1.066608624177182
405	4123	1.0644922238209529
405	8945	1.0624306074921772
405	2671	1.0616676133925436
405	2402	1.0594498778700727
876	1994	1.2194847098648032
876	758	1.2178957114521776
876	1963	1.2019031374065712
876	635	1.1966115199582479
876	4108	1.1933844574463515
876	2894	1.1867271296791937
876	8945	1.1841949938685483
876	2671	1.1835314317022414
876	4123	1.1826780612501429
876	11754	1.1806305354047253
275	1994	1.1245968968612285
275	758	1.123037118876642
275	1963	1.1064956930386
275	635	1.1020403169264492
275	4108	1.0983450138525452
275	2894	1.0915994321973124
275	8945	1.089218832385895
275	2671	1.0885812704774205
275	4123	1.0873745101752275
275	11754	1.0856400675125322
583	1994	1.2389161120295893
583	758	1.2376703783957899
583	1963	1.2293604409608587
583	4108	1.214352106772588
583	635	1.2111590698966601
583	2894	1.208714227557434
583	4123	1.2076692889876581
583	8945	1.2037608198591725
583	2671	1.20334635502818
583	2402	1.2027856367034544
1088	1994	0.9821108655326966
1088	758	0.9807150641066499
1088	1963	0.9717137741412298
1088	4108	0.95761617178104
1088	635	0.9549134576536848
1088	2894	0.9519058364082863
1088	4123	0.9505099756257591
1088	8945	0.9472570332156839
1088	2671	0.9466623227660722
1088	2402	0.9455892284285644
47	1994	1.161021879762982
47	758	1.1591625982150866
47	1963	1.1436393956211903
47	635	1.138045274133756
47	4108	1.1351232970279168
47	2894	1.1286161546401754
47	8945	1.1260034511252164
47	2671	1.1252198838500165
47	4123	1.1245305126880139
47	11754	1.1223520827228162
1196	1994	0.9300993217743176
1196	758	0.9287831609244646
1196	1963	0.9272803764479318
1196	4108	0.9072857223791347
1196	4123	0.9039910476164041
1196	2894	0.9026416054059501
1196	2402	0.8999354508955038
1196	823	0.8995137038796017
1196	635	0.8983091643856271
1196	8945	0.895722331387804
1183	1994	0.9105701327480582
1183	758	0.9093904971356197
1183	1963	0.9050492994261432
1183	4108	0.8870249589610246
1183	4123	0.8823625727557851
1183	2894	0.8819286362798913
1183	635	0.8804069086316211
1183	2402	0.8779612954807039
1183	8945	0.8758169579234845
1183	823	0.8757841991569192
700	1994	1.2059790781017925
700	758	1.2043374945840508
700	1963	1.1862267476375974
700	635	1.1844093578076076
700	4108	1.179378946565894
700	2894	1.172434078953838
700	8945	1.1705378350269304
700	2671	1.1698632067296248
700	4123	1.1675849942733696
700	11754	1.1668304733673667
1658	1994	1.1189886243423672
1658	758	1.1178041463549484
1658	1963	1.1140725648584453
1658	4108	1.095571104542866
1658	4123	1.0912127240175105
1658	2894	1.090565405151866
1658	635	1.0884626099984887
1658	2402	1.0868808903355833
1658	823	1.0852280614986403
1658	8945	1.0842663146719371
1493	1994	1.0858384246587034
1493	758	1.0843914827971597
1493	1963	1.0722660805878321
1493	4108	1.0605781848830627
1493	635	1.0605401971754618
1493	2894	1.0544376507552249
1493	4123	1.0518808650580869
1493	8945	1.0507139154678744
1493	2671	1.0501263808297578
1493	11754	1.0474396768929033
750	1994	1.1466624505619718
750	758	1.1451996896269623
750	1963	1.1321400999669013
750	635	1.1219279600993914
750	4108	1.121158795051565
750	2894	1.1148914678105453
750	4123	1.1119863414278872
750	8945	1.1114393231313169
750	2671	1.1108623217141482
750	11754	1.1081083540259002
2088	1994	1.4526338237738858
2088	758	1.4511361918668286
2088	1963	1.4402858837953947
2088	4108	1.427507475447017
2088	635	1.4265548460950828
2088	2894	1.4215854440778022
2088	4123	1.4194367452272147
2088	8945	1.417426818317885
2088	2671	1.4169301538868282
2088	2402	1.4142622141668513
173	1994	1.1331549198121293
173	758	1.1316739704409735
173	1963	1.1202480543834619
173	4108	1.1078891770939996
173	635	1.1074153267897562
173	2894	1.1018803628246805
173	4123	1.0995366118238499
173	8945	1.0978902333117577
173	2671	1.0974006604146263
173	11754	1.0946740279391731
1358	1994	1.0627162328833373
1358	758	1.060837184415171
1358	1963	1.0439204389789787
1358	635	1.0406093775046619
1358	4108	1.03661872955637
1358	2894	1.0299067507116915
1358	8945	1.027759559458129
1358	2671	1.0268837022035346
1358	4123	1.0253141023469023
1358	11754	1.023992083478311
401	1994	1.0019654515950518
401	758	1.0006927506726808
401	1963	0.9976426654845798
401	4108	0.9788265789096235
401	4123	0.974769616728191
401	2894	0.9739390756712072
401	635	0.971098000725053
401	2402	0.9705394721626697
401	823	0.9688775272772943
401	8945	0.9674897125553957
25	1963	0.8817713901924029
25	1994	0.878908850489819
25	758	0.8780556564809021
25	823	0.8593547121206799
25	4108	0.8570054043696094
25	4123	0.8565469869724285
25	2402	0.8530446475933168
25	2894	0.8529867862022416
25	812	0.8473043973250829
25	8945	0.8443504256386872
391	1994	1.3471949146223248
391	758	1.3460613863514213
391	1963	1.3409422469575731
391	4108	1.3233243516717235
391	4123	1.318297952840856
391	2894	1.3181149989420233
391	635	1.3174352923061061
391	2402	1.3137779307665995
391	8945	1.3121795300776284
391	2671	1.311823992144311
541	1994	0.941027957026028
541	758	0.9394160263963917
541	1963	0.9328418600304346
541	4108	0.9172438333338842
541	635	0.9125102268710356
541	2894	0.9119470386700915
541	4123	0.911261848095377
541	2402	0.9066525436484973
541	8945	0.9066491000960801
541	2671	0.9059042485511717
1566	1994	1.2602921061328236
1566	758	1.2587067701667463
1566	1963	1.2456378920893847
1566	635	1.2355981806562952
1566	4108	1.234668323145936
1566	2894	1.2284559796381191
1566	4123	1.225444932158582
1566	8945	1.2249770098141366
1566	2671	1.2244406038308169
1566	11754	1.2216185181263182
1946	1994	1.0834460457486625
1946	758	1.0816488610408082
1946	1963	1.0649813148987315
1946	635	1.0611211955258022
1946	4108	1.0572637060906627
1946	2894	1.050571267115011
1946	8945	1.0482879426044687
1946	2671	1.0475298746572355
1946	4123	1.0461228100328575
1946	11754	1.04459590621324
665	1994	0.8400000988963863
665	758	0.838447425478885
665	1963	0.8296409190949832
665	4108	0.8154418175107927
665	635	0.8127582372310952
665	2894	0.8098237866503105
665	4123	0.8083680986035857
665	8945	0.8050916084410562
665	2671	0.8045334173562265
665	2402	0.8034524963983385
1253	1994	1.0186170981512692
1253	758	1.0169377458726911
1253	1963	1.004257723161461
1253	635	0.993842300734072
1253	4108	0.9933791937930492
1253	2894	0.9872186066021099
1253	4123	0.9842904453562618
1253	8945	0.9837358394440219
1253	2671	0.983008952819302
1253	11754	0.9803242933651521
732	1994	1.1201430578374842
732	758	1.1187534975870213
732	1963	1.1066200579970378
732	4108	1.0948358234779985
732	635	1.0948110068798997
732	2894	1.0886782767583256
732	4123	1.0861602849337675
732	8945	1.084934389284173
732	2671	1.0843916234383348
732	11754	1.0816905412953937
1692	1994	1.2034203262880891
1692	758	1.201611055413696
1692	1963	1.1887594455975363
1692	635	1.1787715917078432
1692	4108	1.1780233029569174
1692	2894	1.1718989785418503
1692	4123	1.1688023020250962
1692	8945	1.1684400351178794
1692	2671	1.1677438472296748
1692	11754	1.1649833902491886
1826	1994	1.1710549625285047
1826	758	1.1694334963829096
1826	1963	1.1569797809457971
1826	635	1.1460589601573319
1826	4108	1.1457424391286744
1826	2894	1.1396123153582374
1826	4123	1.1368034323287182
1826	8945	1.1360129036708881
1826	2671	1.1353674635656046
1826	11754	1.1326503887878745
728	1994	1.1741530042976749
728	758	1.1726072969232502
728	1963	1.1667695286006872
728	4108	1.1503606015965815
728	2894	1.1451661108665434
728	635	1.145105350860599
728	4123	1.1447864053888677
728	2402	1.1402290747030333
728	8945	1.1395769638329474
728	2671	1.1389593571999548
1585	1994	1.0813369318054522
1585	758	1.0804032403188215
1585	1963	1.078546592772328
1585	4108	1.0581025348035342
1585	4123	1.054806459749627
1585	2894	1.0533080144613385
1585	823	1.0520455326911056
1585	2402	1.0506461501935485
1585	635	1.0494813754946823
1585	8945	1.0463317282002842
1137	1994	1.3243648971228892
1137	758	1.3230947120870449
1137	1963	1.313358837016435
1137	4108	1.299409103969003
1137	635	1.2974696749553254
1137	2894	1.2935789441624967
1137	4123	1.292000428131618
1137	8945	1.2890320271224716
1137	2671	1.2886497027968953
1137	2402	1.2869390579589117
628	1994	1.2371205366000086
628	758	1.2358438343674003
628	1963	1.2277061886545704
628	4108	1.2125652187138773
628	635	1.2092701383379625
628	2894	1.2069662563963095
628	4123	1.205956962477906
628	8945	1.2019530706193602
628	2671	1.2015512050908255
628	2402	1.2010879874720246
2006	1963	0.8856896957585603
2006	1994	0.8812961052778718
2006	758	0.8804536521761559
2006	823	0.8642684695056481
2006	4123	0.8601316528481775
2006	4108	0.8598244440018885
2006	2402	0.856821906631881
2006	2894	0.8560136838987313
2006	812	0.8515784363386094
2006	2102	0.8474643363171819
873	1994	1.1884206325413007
873	758	1.1868134030610946
873	1963	1.1685617385448657
873	635	1.1669156941561254
873	4108	1.1617617863138212
873	2894	1.154786666946633
873	8945	1.1529191213508843
873	2671	1.1522718942075179
873	4123	1.1499118266069548
873	11754	1.1492226714071998
840	1994	0.8285700511430983
840	758	0.8273193395025529
840	1963	0.8229266773624049
840	4108	0.8049953434180424
840	4123	0.8002759767495048
840	2894	0.7999179933152474
840	635	0.7984806145143821
840	2402	0.7958668002850485
840	8945	0.7938218046352994
840	823	0.7934248281596232
1228	1994	1.0759227879093372
1228	758	1.074845268466879
1228	1963	1.071629629269578
1228	4108	1.0524872630443154
1228	4123	1.0484415017884787
1228	2894	1.047534455916371
1228	635	1.0449894450331323
1228	2402	1.0441435975775069
1228	823	1.0436276553101638
1228	8945	1.0410208872324418
1044	1994	1.1252043655210147
1044	758	1.1241094230830517
1044	1963	1.122109753149192
1044	4108	1.1020931748327656
1044	4123	1.0986498161516571
1044	2894	1.0973178014592277
1044	823	1.0948565566581732
1044	2402	1.0945019701062317
1044	635	1.0935563162391106
1044	8945	1.0904577077362545
1858	1994	1.2876150550519971
1858	758	1.2862954582046198
1858	1963	1.275940246454564
1858	4108	1.2625508040679807
1858	635	1.2611174247327679
1858	2894	1.2566465453080577
1858	4123	1.2548104902209793
1858	8945	1.2523040581237526
1858	2671	1.251879777050424
1858	2402	1.2496821514635752
595	1994	0.9261619445341727
595	1963	0.926092356260094
595	758	0.9251418181316992
595	4108	0.9036589303350393
595	4123	0.9017381587608879
595	823	0.901217026455056
595	2894	0.899295446794264
595	2402	0.8979198774793526
595	635	0.8926628946796252
595	8945	0.8915194242274139
21	1994	0.8887655470502505
21	758	0.8870805295966262
21	1963	0.8764345022665067
21	4108	0.8640179736134415
21	635	0.8627585051736784
21	2894	0.8581544140114186
21	4123	0.8559521563155366
21	8945	0.8540721028929585
21	2671	0.8533274054886938
21	2402	0.8508652549761825
184	1994	0.9255477790505425
184	758	0.924124954255402
184	1963	0.9225804613422232
184	4108	0.9026744324796925
184	4123	0.899313313320857
184	2894	0.8980646824865437
184	2402	0.8952448814554426
184	823	0.8945293026335437
184	635	0.8938356583793294
184	8945	0.891149527040691
2062	1994	0.9788107253255336
2062	758	0.9776411986148407
2062	1963	0.9728454956502466
2062	4108	0.9550995642088882
2062	4123	0.9502123417906454
2062	2894	0.9499383880361306
2062	635	0.9489169858963301
2062	2402	0.9457483745495457
2062	8945	0.9439379504723767
2062	2671	0.9435319172403518
1693	1994	0.9372210004574952
1693	758	0.9354543157942214
1693	1963	0.9226758054891006
1693	635	0.9125474419231911
1693	4108	0.9120035071829747
1693	2894	0.9058571818099947
1693	4123	0.9028294493516491
1693	8945	0.9024302589773856
1693	2671	0.9016450173849185
1693	11754	0.8989665958049813
318	1994	0.9173225559869564
318	758	0.9155804384462729
318	1963	0.9060030468107374
318	4108	0.8928178354438503
318	635	0.8906961705599767
318	2894	0.8871295048643899
318	4123	0.8852660786067431
318	8945	0.8827319671530831
318	2671	0.8819752649484114
318	2402	0.8803030789581849
134	1994	0.9036672747232632
134	758	0.9018454528431167
134	1963	0.8915322406949484
134	4108	0.8790221639868528
134	635	0.8775364558354225
134	2894	0.8732516997015837
134	4123	0.8710645135036577
134	8945	0.8690931942985355
134	2671	0.8682969218238222
134	2402	0.8660215168324611
162	1994	1.0795360957224385
162	758	1.0780136403686096
162	1963	1.0665069114173096
162	4108	1.0545433744946935
162	635	1.0539457339499223
162	2894	1.0485042831941906
162	4123	1.0461172449090836
162	8945	1.0446469896726673
162	2671	1.0439687172786603
162	11754	1.0413621016623276
770	1994	0.9290323882452538
770	758	0.9278843392154779
770	1963	0.9270282182354478
770	4108	0.9061101760099084
770	4123	0.9032219839089954
770	2894	0.9015263275732118
770	823	0.9005066277157908
770	2402	0.8991945000860865
770	635	0.8967076416358807
770	8945	0.8943015828373408
2094	1994	1.0621500955937986
2094	758	1.0605411382866845
2094	1963	1.0588866354133866
2094	4108	1.0391857655133847
2094	4123	1.0356894397164136
2094	2894	1.0346281799437462
2094	2402	1.0315979263747979
2094	635	1.0305984509327628
2094	823	1.0302933261462786
2094	8945	1.0277394058359353
7	1994	0.8683411404516009
7	758	0.8669626665048543
7	1963	0.8597225786745799
7	4108	0.8442684150932556
7	635	0.8400856525472913
7	2894	0.8388038158943342
7	4123	0.8380525455377186
7	8945	0.8336299808979284
7	2402	0.8333415026463648
7	2671	0.8330395682987322
535	1994	1.1329322569056344
535	758	1.1313583002870393
535	1963	1.1224603780525653
535	4108	1.1084323593005956
535	635	1.1057560320904227
535	2894	1.1028022056535953
535	4123	1.1013040958118034
535	8945	1.0981305732785747
535	2671	1.097506354111844
535	2402	1.0963902580539953
1559	1994	0.7903038666172566
1559	758	0.7884397225265312
1559	1963	0.7802828045795114
1559	4108	0.7661833013252968
1559	635	0.762893270431013
1559	2894	0.7607392590781339
1559	4123	0.7592932666278801
1559	8945	0.7559502011398695
1559	2671	0.7551255996132769
1559	2402	0.7545064954204332
1017	1994	1.1236348289284956
1017	758	1.121733674768208
1017	1963	1.1097295636855464
1017	635	1.0985609250901376
1017	4108	1.0984977240006437
1017	2894	1.0925164202353674
1017	4123	1.0896554109260028
1017	8945	1.0888332663454592
1017	2671	1.0880881529747028
1017	11754	1.0853889545258437
504	1994	1.3135397535290307
504	758	1.3119022644943015
504	1963	1.2929669283848242
504	635	1.29245288175701
504	4108	1.2867026692814953
504	2894	1.2796419642060832
504	8945	1.2779755722611588
504	2671	1.277328845052451
504	4123	1.2744979944414037
504	11754	1.2742289528101065
1010	1994	1.386648296977523
1010	758	1.385229098927314
1010	1963	1.3744840580780715
1010	4108	1.3616110614033434
1010	635	1.360477355595013
1010	2894	1.3556714927201678
1010	4123	1.3536247993623476
1010	8945	1.351497188466846
1010	2671	1.3509783708746568
1010	2402	1.3484740527817316
426	1994	1.2771014971098418
426	758	1.2755739398375314
426	1963	1.2602325291673557
426	635	1.2537771215986981
426	4108	1.2510648331710215
426	2894	1.2444900729398882
426	8945	1.241725747664122
426	2671	1.2411313699152817
426	4123	1.2407170503132563
426	11754	1.2382368186572124
1318	1994	1.2022488829164504
1318	758	1.2004667188729208
1318	1963	1.184496128758012
1318	635	1.1794721239466812
1318	4108	1.1761260650190783
1318	2894	1.1695392851228386
1318	8945	1.1670086055364117
1318	2671	1.1663206133763966
1318	4123	1.1653461545672459
1318	11754	1.163382062894037
102	1994	0.9578684929674166
102	758	0.9567857203978679
102	1963	0.9566128970050823
102	4108	0.9352286772154974
102	4123	0.9327086771181656
102	2894	0.930709668224352
102	823	0.9306166912983125
102	2402	0.9287828144163328
102	635	0.9251179536914704
102	8945	0.9233198413721515
1824	1994	1.0317429668654714
1824	758	1.0303051333006334
1824	1963	1.0183835035293427
1824	4108	1.0065079118984397
1824	635	1.0063147373351324
1824	2894	1.000395899664476
1824	4123	0.9979173926094075
1824	8945	0.9966019427316738
1824	2671	0.9960324145134059
1824	11754	0.9933479917094715
